职位,学历,经验,公司,"城市,",区域,商圈,技能列表,福利列表
"C++,python教师",学历不限,经验不限,昕睿智能科技,连云港,海州区,苍梧路,"['Python', 'C语言']","['五险一金', '加班补助', '年终奖']"
少儿编程培训老师,大专,经验不限,连云港快码佳编信...,连云港,海州区,巨龙路,"['编程培训', 'c++', 'python', '算法竞赛']",[]
python工程师,本科,3-5年,连云港星元智联信...,连云港,海州区,苍梧路,"['Python', 'Java', 'Django', 'Flask', 'Numpy', 'Pandas', 'PyTorch', 'MySQL', 'MongoDB', 'Spark', '机器学习经验', '量化交易开发经验']","['交通补助', '五险一金']"
python编程老师,大专,1-3年,小龙人教育,连云港,海州区,南极路,"['Python', 'C/C++', '计算机相关专业', '数学/统计相关专业', '爬虫经验']","['员工旅游', '通讯补贴', '带薪年假', '年终奖', '五险一金', '节日福利', '加班补助']"
编程老师,大专,1-3年,艾贝儿,连云港,赣榆区,文化路,"['C++', '机器人', 'C语言', '汇编语言', '计算机软件', '人工智能', '小程序', 'Python']","['五险一金', '补充医疗保险', '定期体检']"
python全栈开发工程师,大专,3-5年,江苏宁源智能科技,连云港,海州区,苍梧路,"['Python', 'Django', 'MySQL', '团队管理经验', '项目提成']",[]
python老师,大专,1年以内,伏羲教育,连云港,海州区,南极路,['Python'],[]
软件开发工程师,大专,1-3年,荣度,连云港,海州区,通灌路,"['不接受居家办公', 'Java', 'Spring', 'MySQL']",[]
少儿编程教学主管,本科,3-5年,江苏森菓森途教育科技,连云港,海州区,巨龙路,"['编程', '机器人']","['绩效奖金', '加班补助', '交通补助', '团建聚餐', '全勤奖', '生日福利', '底薪加提成']"
区域销售经理,大专,1-3年,连云港佑民医药,连云港,海州区,通灌路,"['大数据处理经验', '团队管理经验', '不接受居家办公']",[]
Python老师,本科,1-3年,灌南县贝塔木科技...,连云港,灌南县,人民桥东,"['Python', 'C++', 'Spark']","['有无线网', '免费工装', '年终奖', '员工旅游', '底薪加提成', '工龄奖', '全勤奖', '保底工资', '团建聚餐', '绩效奖金']"
中小学进校实习兼职助教编程python和C/C++,中专/中技,经验不限,玛雅网络文化传播...,连云港,海州区,苍梧路,[],"['节日福利', '员工旅游', '零食下午茶', '年终奖', '股票期权']"
乐高编程老师,学历不限,经验不限,赣榆区青口镇奇咔...,连云港,赣榆区,环城南路,"['Python', '机器学习经验']","['补充医疗保险', '全勤奖', '员工旅游', '通讯补贴', '节日福利']"
人工智能讲师,本科,经验不限,秣马咨询,连云港,海州区,通灌路,"['公立学校', '深度学习', '线下教育', '师范类院校', '中职教师资格证', '神经网络']",[]
少儿编程教师,大专,经验不限,乐睿教育,连云港,赣榆区,金陵国际广场,['编程教师'],"['全勤奖', '五险一金', '年终奖', '节日福利', '员工旅游', '零食下午茶']"
算法工程师,硕士,1-3年,清冠科技,连云港,海州区,苍梧路,"['机器学习', '图像算法', '运筹优化算法', '大模型算法', '自然语言处理算法', '多模态算法', '大数据处理框架(Spark/Hadoop/Hive)', '风控算法']",[]
少儿编程老师,本科,经验不限,连云港九尾智狐科技,连云港,赣榆区,文化路,[],[]
数据分析师,本科,3-5年,飞鸟科技,连云港,海州区,通灌路,"['数学/统计相关专业', '数据分析/挖掘经验', '金融行业数据相关经验']",[]
计算机老师,本科,经验不限,星火少儿英语培训中心,连云港,海州区,朝阳路,"['班主任', '教育咨询师', '计算机老师、编程老师']","['年终奖', '全勤奖', '带薪年假', '员工旅游', '定期体检', '五险一金']"
python高级开发工程师,本科,5-10年,金豆科技,连云港,,,"['Golang', 'Java', '团队管理经验', 'PyTorch', '机器学习经验', 'Pandas', 'MySQL', 'MongoDB', '架构设计经验', 'Spark', 'Numpy', 'Python']",[]
深度学习,大专,,赣榆区沐槿嵘信息...,连云港,赣榆区,和安湖湿地公园,"['强化学习', '数据挖掘', '多模态算法', '搜索算法', '大数据处理工具(Spark/Hadoop/Hive)']",[]
it工程师,本科,3-5年,天眼医药,连云港,赣榆区,文化路,"['网络运维', '系统运维', '计算机相关专业']","['生日福利', '宿舍有空调', '带薪年假', '定期体检', '夜班补助', '意外险', '加班补助', '保底工资', '绩效奖金', '工龄奖', '全勤奖']"
少儿编程老师,大专,1年以内,青少年科技教育协会,连云港,海州区,朝阳路,[],"['党员福利', '带薪年假', '季度团建', '生日会', '五险', '年底优秀员工']"
软件开发（java、python、前端等）可零基础,本科,经验不限,杭州华为企业通信技术,连云港,东海县,海陵东路,"['Java', 'C', 'C++', 'Python', 'C#', '不接受居家办公']","['年终奖', '零食下午茶', '团建聚餐', '夜班补助', '带薪年假', '法定节假日三薪', '补充医疗保险', '定期体检', '节日福利', '五险一金', '保底工资', '节假日加班费', '底薪加提成', '绩效奖金', '员工旅游', '加班补助', '意外险', '股票期权']"
大模型算法工程师,本科,1-3年,宜通世纪,连云港,海州区,万润街,"['深度学习', '机器学习', '大模型算法', '自然语言处理算法', '模型加速/性能优化', '算法工程化经验', '大模型', '数据中台', '资深软件开发工程师']",[]
高级后端开发,大专,3-5年,连云港知乐物联网科技,连云港,连云区,墟沟,"['Java', '不接受居家办公', '团队管理经验', 'MySQL', 'Spring', '会前端优先']","['节假日加班费', '加班补助', '团建聚餐', '绩效奖金']"
服务器运维工程师,本科,3-5年,江苏萨吉科技有限公司,连云港,连云区,墟沟,[],[]
招聘专员/主管,本科,经验不限,小拉科技,连云港,海州区,苍梧路,[],"['节日福利', '五险一金', '加班补助', '带薪年假', '年终奖']"
高级软件开发工程师,本科,1-3年,连云港仪光文化传媒,连云港,海州区,朝阳路,"['Java', 'C++', '全栈开发', 'C', '搜索/推荐/广告经验', '架构设计经验', '接受居家办公']",[]
AI大模型工程师,本科,3-5年,道众能源科技,连云港,海州区,连云港高新区,"['AI', 'Pytorch']","['全勤奖', '住房补贴', '节日福利', '免费班车', '意外险', '带薪年假', '餐补', '年终奖', '加班补助', '五险一金', '定期体检', '补充医疗保险']"
平台技术管理,本科,1-3年,精至诚,连云港,海州区,通灌路,"['计算机相关专业', '大数据运维经验', '网络安全相关经验']","['团建聚餐', '工龄奖', '生日福利', '五险一金', '员工旅游', '加班补助', '带薪年假', '保底工资', '节日福利', '绩效奖金', '工作绩效奖励', '年终奖', '底薪加提成', '住房补贴', '节假日加班费']"
数据运营,本科,5-10年,天马集团,连云港,海州区,万润街,"['业务数据分析', '业务模式/运营策略优化', '投放数据分析', '营销活动效果分析', '竞品分析', '数据分析/商业分析经验', 'SQL', '统计/数学相关专业']","['工龄奖', '电脑补贴', '免费工装', '餐补', '零食下午茶', '全勤奖', '生日福利', '绩效奖金', '节日福利', '团建聚餐', '内购福利', '员工旅游', '带薪年假', '五险一金']"
餐饮收银员,初中及以下,1-3年,灌南县大灌园饭店,连云港,灌南县,人民桥西,['Java'],"['免费工装', '底薪加提成', '包吃', '团建聚餐', '保底工资', '意外险', '绩效奖金']"
高薪诚聘少儿编程老师,大专,1年以内,雪高益智培训服务...,连云港,海州区,盐河路,"['教师', '教研', '线下授课', '集体授课']",[]
工控上位机开发,大专,经验不限,江苏亿标科技有限公司,连云港,赣榆区,环城南路,"['C#', 'C/C++', 'Java', '计算机相关专业']","['保底工资', '带薪年假', '节日福利', '绩效奖金', '通讯补贴', '年终奖', '包吃', '五险一金', '工龄奖']"
开发工程师,大专,1-3年,欧美斯集团,连云港,,,['计算机/软件工程相关经验'],"['五险一金', '加班补助', '年终奖', '通讯补贴', '节日福利', '全勤奖', '员工旅游', '带薪年假', '餐补', '定期体检']"
大数据经理,本科,5-10年,镔鑫钢铁集团,连云港,,,"['Python', 'Power BI', 'Java', '制造业钢铁行业优先', '数据建模', '数据治理']","['节日福利', '有无线网', '绩效奖金', '宿舍有空调', '工龄奖', '免费工装', '五险一金']"
前端开发工程师,本科,1年以内,江苏虹绫软件有限公司,连云港,灌云县,胜利西路,"['JavaScript', 'C/C++', 'Java', '计算机/软件工程相关专业', '前端开发经验', '技术博客/开源项目有所贡献']","['全勤奖', '底薪加提成', '年终奖', '工龄奖', '绩效奖金', '加班补助', '五险一金', '定期体检', '节假日加班费', '补充医疗保险', '意外险']"
双休编程老师,大专,1-3年,蓝小兔艺术培训,连云港,东海县,海陵东路,"['私立学校', '线下教育', '坐班', '小班教学（3-25人）', '学前儿童/小学生', '特长兴趣类', '人工智能类', '普通话发音标准', '大型教育机构经验']","['五险一金', '带薪年假', '全勤奖', '加班补助', '年终奖', '节日福利']"
编程老师,本科,1-3年,连云港奇咔咔教育科技,连云港,海州区,朝阳路,"['全职工作', '线下教学', '研发教学资料', '日常教学', '辅导答疑', '计算机相关专业', '销售经验']",[]
IT工程师,本科,3-5年,恒瑞医药,连云港,,,"['企业内部IT技术支持', 'MySQL/Oracle', 'Python']","['五险一金', '年终奖', '交通补助', '定期体检', '节日福利', '住房补贴']"
图像算法,本科,在校/应届,旭莱半导体,连云港,,,"['深度学习', '机器学习', '大模型算法', '目标检测', '多模态算法', '图像生成', 'C/C++', 'Python', '图像处理库（OpenCV等）']","['包吃', '生日福利', '免费工装', '夜班补助', '加班补助', '餐补', '团建聚餐', '保底工资', '全勤奖', '年终奖']"
高级研发工程师,本科,3-5年,蝶亿物联,连云港,,,"['C++', '射频开发', '电控工程师', '电磁工程师', '电路设计', 'IC设计/应用工程师']","['五险一金', '全勤奖', '餐补', '团建聚餐', '夜班补助', '员工旅游', '加班补助', '免费工装', '节日福利', '工龄奖', '带薪年假', '节假日加班费', '有无线网', '绩效奖金', '底薪加提成', '通讯补贴', '年终奖', '生日福利']"
自动化控制工程师,本科,3-5年,天邦科技,连云港,,,"['C/C++', 'Python', 'C#', '自动化开发经验', '电子电气/自动化相关专业']","['加班补助', '员工旅游', '全勤奖', '年终奖', '五险一金', '通讯补贴', '包吃']"
运维工程师,大专,经验不限,江苏鸿焕数字科技,连云港,海州区,花果山,"['系统运维', '运维开发经验', '计算机相关专业']",[]
ai技术负责人,硕士,5-10年,某大型人力资源服务公司,连云港,,,"['互联网/AI', '工业ai落地的经验', '数据分析经验', '管理能力', '规划和方案能力']",[]
ros工程师,本科,3-5年,仓潮智绘科技,连云港,连云区,墟沟,"['C/C++', '机器学习', '多模态算法', '融合感知算法', 'SLAM算法', 'Python']","['绩效奖金', '有无线网', '带薪年假', '免费工装', '零食下午茶', '节日福利', '年终奖', '补充医疗保险', '五险一金', '团建聚餐', '生日福利']"
数据统计员,本科,经验不限,连云港新奥集团,连云港,连云区,火车站,[],"['加班补助', '通讯补贴', '定期体检', '补充医疗保险', '包吃', '五险一金', '节日福利', '年终奖', '带薪年假']"
等保测评师,本科,经验不限,江苏网擎,连云港,海州区,万润街,[],"['员工旅游', '带薪年假', '年终奖', '节日福利', '定期体检', '生日福利', '五险', '零食下午茶', '免费工装', '团建聚餐']"
运维开发工程师,本科,1-3年,天域科技,连云港,连云区,墟沟,"['Java', 'Python/Shell', 'Golang', '计算机相关专业', '运维开发经验', '大数据运维经验']",[]
linux高级开发工程师,本科,1-3年,拓和电子,连云港,海州区,通灌路,['操作系统工程师'],"['加班补助', '年终奖', '出差补助', '五险一金']"
Java,本科,1-3年,上海艾舜杰,连云港,连云区,,"['C/C++', 'Java', '数据库']","['年终奖', '带薪年假', '定期体检', '节日福利', '通讯补贴', '五险一金', '住房补贴']"
教师,大专,1年以内,连云港矢量思维软...,连云港,,,"['线下教育', '不坐班', '小班教学（3-25人）', '学前儿童/小学生', '理工科教育背景', '全职兼职均可', '教师', '全职兼职均可', '助教', '线下授课']",[]
web前端高级工程师,大专,3-5年,好伙伴,连云港,,,"['CSS', 'JavaScript', 'HTML5', '计算机/软件工程相关专业', '前端开发经验']","['五险一金', '补充医疗保险', '定期体检']"
文员,本科,5-10年,江苏睦王,连云港,连云区,连云港经开区,['大数据处理经验'],[]
少儿编程教师（东海校区）,大专,经验不限,昕睿智能科技,连云港,海州区,苍梧路,['编程 前端 教师 培训'],"['加班补助', '年终奖', '五险一金']"
少儿编程老师,本科,经验不限,连云港快码佳编信...,连云港,海州区,巨龙路,"['编程', '培训机构', '老师', 'scratch']",[]
ai人工智能开发工程师,本科,5-10年,金豆科技,连云港,,,"['Java', '团队管理经验', 'PyTorch', 'Django', 'MySQL', '架构设计经验', 'Python']",[]
软件工程师,本科,经验不限,连云港九尾智狐科技,连云港,赣榆区,文化路,[],[]
少儿机器人编程老师,学历不限,经验不限,赣榆区青口镇奇咔...,连云港,赣榆区,环城南路,"['线下教育', '坐班', '小班教学（3-25人）', '学前儿童/小学生', '熟练掌握计算机语言', '销售经验', '全职']","['通讯补贴', '节日福利', '员工旅游', '补充医疗保险', '全勤奖']"
数据经理,本科,1-3年,欧美斯集团,连云港,,,"['非外包类', '要求数据开发经验', '数据仓库开发经验', 'BI报表开发经验', 'ETL开发经验', 'SQL', 'MySQL/SQL Server']","['通讯补贴', '定期体检', '年终奖', '全勤奖', '五险一金', '带薪年假', '节日福利', '加班补助', '员工旅游', '餐补']"
电气工程师,本科,1-3年,天邦科技,连云港,,,"['C++', '电控工程师', 'CAD', 'PLC工程师', 'SolidWorks', '仪器仪表工程师']","['年终奖', '五险一金', '包吃', '员工旅游', '全勤奖', '加班补助', '通讯补贴']"
编程老师,大专,1-3年,星火少儿英语培训中心,连云港,海州区,朝阳路,"['教师', '机器人', '乐高']","['定期体检', '全勤奖', '五险一金', '员工旅游', '年终奖', '带薪年假']"
IT工程师,本科,3-5年,天眼医药,连云港,,,"['网络运维', '系统运维', '计算机相关专业', '运维经验', '运维开发经验', '网络安全相关经验', '大数据运维经验']","['全勤奖', '意外险', '定期体检', '夜班补助', '带薪年假', '工龄奖', '保底工资', '绩效奖金', '生日福利', '宿舍有空调', '加班补助']"
IT技术开发主管/经理,本科,3-5年,江苏省镔鑫钢铁,连云港,,,"['C#', 'Python', '微服务架构', '后端开发', '系统架构师', '计算机专业', '团队管理经验']",[]
技术支持专员,本科,1-3年,蝶亿物联,连云港,海州区,花果山,"['售前技术支持经验', '计算机/通信相关专业', '机械/电子工程相关专业', '物联网', '可适应出差', '嵌入式研发', '单片机']","['节假日加班费', '绩效奖金', '五险一金', '工龄奖', '带薪年假', '团建聚餐', '节日福利', '餐补', '夜班补助', '底薪加提成', '有无线网', '全勤奖', '生日福利', '通讯补贴', '免费工装', '员工旅游', '加班补助', '年终奖']"
少儿编程老师（赣榆校区）,大专,经验不限,昕睿智能科技,连云港,赣榆区,金陵国际广场,['软件，程序，电子信息'],"['五险一金', '加班补助', '年终奖']"
少儿编程老师,本科,经验不限,连云港九尾智狐科技,连云港,赣榆区,文化路,[],[]
少儿编程老师,本科,经验不限,昕睿智能科技,连云港,海州区,苍梧路,"['信息学', '教师资格证', '教师', '软件工程', '信息工程', '电子信息工程']","['五险一金', '加班补助', '年终奖']"
python Java vue小程序安卓app软件开发兼职,大专,经验不限,南京万迅,南京,建邺区,奥体,"['Java', 'Python', 'Spring', 'MySQL']",[]
python,本科,3-5年,湖北特为,南京,雨花台区,安德门,"['Python', 'Flask', 'MySQL']",[]
python开发工程师,本科,3-5年,国投智能（南京）,南京,雨花台区,安德门,"['Python', 'Django', 'Scrapy', 'Elasticsearch', 'Nginx', 'Pandas', 'Redis', 'PostgreSQL', 'Linux开发/部署经验', '分布式经验']","['带薪年假', '五险一金', '定期体检', '绩效奖金', '国企子公司', '通讯补贴', '年终奖', '餐补', '加班补助', '节日福利']"
python 开发工程师,本科,1-3年,UTC优泰科技,南京,建邺区,江东,"['Python', 'Pandas', 'TensorFlow', 'Numpy', 'MySQL', 'MongoDB', '爬虫经验']",[]
C\C++\JAVA\python\ （全国多城市可安排）,本科,经验不限,华为终端有限公司,南京,雨花台区,安德门,"['Golang', 'Java', 'C++', 'C', 'Python']","['住房补贴', '生日福利', '股票期权', '五险一金', '意外险', '交通补助', '免费班车', '节假日加班费', '节日福利', '带薪年假', '加班补助', '年终奖', '定期体检', '零食下午茶', '补充医疗保险', '通讯补贴']"
Python-国睿,本科,3-5年,雀翼科技,南京,江宁区,百家湖,"['Django', 'Pandas', 'MySQL', 'Numpy', 'Python', 'Flask']","['加班补助', '零食下午茶', '餐补', '节日福利', '带薪年假', '五险一金']"
Python开发工程师 国企稳定 团队氛围好,本科,1-3年,某大型保险公司（江苏）,南京,,,"['Python', 'Pandas', 'Django', 'Flask', 'MySQL', 'Linux开发/部署经验', '国企稳定 氛围好']","['绩效奖金', '底薪加提成', '节假日加班费', '补充医疗保险', '五险一金', '全勤奖', '带薪年假', '团建聚餐', '年终奖', '夜班补助', '法定节假日三薪', '企业年金', '工龄奖', '保底工资', '定期体检', '零食下午茶', '意外险', '员工旅游', '加班补助', '餐补']"
国企正编 python开发,本科,1-3年,某知名互联网金融上市公司,南京,,,"['Java', 'SpringCloud', 'Spring', 'MyBatis', 'MySQL', 'Oracle', '团队管理经验', '分布式经验']","['定期体检', '有无线网', '企业年金', '生日福利', '五险一金', '工龄奖', '绩效奖金', '节日福利', '意外险', '零食下午茶', '交通补助', '员工旅游', '保底工资', '团建聚餐', '底薪加提成', '年终奖', '周末双休', '补充医疗保险', '带薪年假', '全勤奖']"
Python开发工程师（急招、线上面试）,本科,3-5年,上海思芮,南京,雨花台区,安德门,"['Python', 'Docker', 'Flask', 'Django', 'MySQL']","['补充医疗保险', '五险一金']"
Python现场面试（3-5年）,大专,3-5年,博锐星润,南京,鼓楼区,山西路,['Python'],"['五险一金', '年终奖', '带薪年假', '节日福利']"
Python开发（接受小白 六险一金）,本科,经验不限,某大型互联网公司,南京,,,"['后端', '数据开发', 'Python', 'C/C++', 'Shell', '计算机相关专业', '爬虫经验']","['零食下午茶', '团建聚餐', '交通补助', '节日礼品', '加班补助', '弹性工作制', '带薪年假', '年终奖', '补充医疗保险', '节日福利', '就近租房补贴', '餐补', '年度体检', '绩效奖金', '五险一金', '家庭关爱假', '餐饮及下午茶', '意外险', '住房补贴', '定期体检']"
python（双休）,大专,1-3年,绿和,南京,雨花台区,安德门,"['Metasploit', 'Django', '渗透测试', '网络安全', '源代码审计', 'Python', 'Flask']","['节日福利', '带薪年假', '年终奖', '定期体检', '五险一金', '生日福利', '加班补助', '团建聚餐', '零食下午茶']"
兼职python,学历不限,经验不限,南京迪牧智能科技,南京,雨花台区,铁心桥,"['Python', 'C++', 'C', 'Django', 'Flask', 'PyTorch', 'MySQL', 'Redis', 'PostgreSQL', '爬虫经验', '机器学习经验']","['底薪加提成', '保底工资', '绩效奖金', '定期体检', '意外险', '补充医疗保险', '五险一金']"
python工程师,大专,1-3年,南京捷物,南京,建邺区,江东,"['Java', 'PyTorch', 'PostgreSQL', 'Pandas', 'MySQL', 'MongoDB', 'Numpy', 'Python', 'TensorFlow']","['节日福利', '生日福利', '年终奖', '餐补', '带薪年假', '零食下午茶', '五险一金']"
python深度学习开发工程师,本科,经验不限,华为云计算,南京,雨花台区,小行,"['Python', 'PyTorch', '架构设计经验', '机器学习经验']","['五险一金', '节日福利', '零食下午茶', '夜班补助', '绩效奖金', '补充医疗保险', '定期体检', '加班补助', '节假日加班费', '团建聚餐', '带薪年假', '意外险', '员工旅游', '保底工资', '交通补助', '法定节假日三薪', '生日福利', '住房补贴', '年终奖', '免费班车']"
java，JS，python，C/C++ 软件开发工程师,本科,经验不限,华为,南京,雨花台区,软件大道,"['Java', 'C++', 'C', 'QT', '分布式经验', 'PostgreSQL', '嵌入式软件经验', 'STL', 'MFC', 'JavaScript', 'MySQL', '架构设计经验', 'Linux开发/部署经验', '鸿蒙系统开发经验', 'Python']","['交通补助', '法定节假日三薪', '团建聚餐', '股票期权', '定期体检', '保底工资', '节假日加班费', '加班补助', '免费班车', '补充医疗保险', '夜班补助', '员工旅游', '年终奖', '带薪年假', '零食下午茶', '企业年金', '节日福利', '绩效奖金', '意外险', '五险一金']"
软件测试 或 开发工程师（Java/Python/C++),本科,1-3年,西安英沃诺克信息技术,南京,雨花台区,安德门,"['Java', 'C', 'C++', 'Spring', 'MySQL', 'Redis']","['生日福利', '零食下午茶', '团建聚餐', '节日福利', '底薪加提成', '法定节假日三薪', '节假日加班费', '全勤奖', '五险一金']"
软件测试（python,本科,1-3年,软通动力,南京,江宁区,东山,"['自动化测试', '功能测试', 'Python']","['免费班车', '带薪年假', '节日福利', '通讯补贴', '交通补助', '加班补助', '生日福利', '零食下午茶', '定期体检', '五险一金', '补充医疗保险', '团建活动']"
Python,大专,3-5年,南京童话镇网络科技,南京,鼓楼区,山西路,"['Scrapy', 'Kafka', 'Python']",['五险一金']
Python-掌握后端开发-fastapi框架_wb6wwas,大专,3-5年,版石控股集团有限公司,南京,江宁区,麒麟镇,"['Python', 'Django', 'Flask', 'MySQL', 'Redis', '微服务经验']","['交通补助', '保底工资', '带薪年假', '工龄奖', '免费班车', '节日福利', '底薪加提成', '年终奖', '有无线网', '生日福利', '五险一金', '绩效奖金', '意外险', '全勤奖', '团建聚餐']"
Python(AI应用研发),本科,3-5年,南京卓力昕,南京,,,"['Python', 'Django', 'MySQL', 'ai应用研发']","['股票期权', '五险一金', '年终奖', '带薪年假', '交通补助', '通讯补贴', '定期体检', '节日福利', '餐补', '加班补助']"
Python,本科,经验不限,福尔摩斯智能科技,南京,江宁区,秣陵,"['Python', '人工智能', '机器人', '智能驾驶']","['包吃', '加班补助', '五险一金', '节日福利', '全勤奖', '通讯补贴', '带薪年假', '年终奖', '股票期权', '交通补助', '员工旅游']"
python实习生,本科,经验不限,北京丝路来华科技开发,南京,浦口区,泰山,"['Python', 'MySQL']",[]
python开发工程师（高薪 双休）,本科,经验不限,华为,南京,雨花台区,南京南站,"['Python', '团队管理经验', '架构设计经验', '分布式经验']","['加班补助', '免费班车', '员工旅游', '带薪年假', '交通补助', '团建聚餐', '五险一金', '保底工资', '股票期权', '补充医疗保险', '意外险', '节日福利', '年终奖', '夜班补助', '企业年金', '节假日加班费', '定期体检', '法定节假日三薪', '零食下午茶', '绩效奖金']"
Python开发&算法工程师,大专,1-3年,思通数科,南京,秦淮区,长白街,"['接受实习/在校生投递', 'Elasticsearch', 'Docker', 'Django', 'MySQL', 'Kafka', 'Redis', 'MongoDB', 'Python']",['五险一金']
python开发工程师,本科,1-3年,华通科技,南京,雨花台区,宁南,"['Python', 'MySQL', '其他', '爬虫经验', 'shell', 'jenkins', 'devops', 'docker', 'git']","['节日福利', '免费班车', '餐补', '带薪年假', '五险一金', '交通补助']"
python工程师（线上兼职，全栈最佳）,大专,经验不限,带新娱乐,南京,江宁区,南京南站,"['Python', 'Flask', 'MySQL']","['节日福利', '保底工资', '带薪年假', '五险一金', '员工旅游', '全勤奖', '年终奖', '零食下午茶', '底薪加提成', '团建聚餐', '绩效奖金', '定期体检', '有无线网']"
Python机器学习/深度学习开发技术员,本科,在校/应届,南京腾思网络科技,南京,浦口区,江浦,"['Python', 'Numpy', 'Pandas', 'PyTorch', 'TensorFlow', '其他', 'MySQL', '其他', '机器学习经验']","['节日福利', '高温补贴', '有无线网', '餐补', '五险一金', '零食下午茶', '底薪加提成', '定期体检', '绩效奖金']"
Python,本科,3-5年,鑫燃科技,南京,,,"['python', 'Linux开发/部署经验', 'Python']","['夜班补助', '加班补助', '年终奖', '五险一金']"
python开发（福利好，加班双倍，线上面试）,本科,1-3年,拓维云创,南京,雨花台区,安德门,"['C++', 'Scrapy', '分布式经验', '微服务经验', 'Django', '云计算经验', 'Spark']","['零食下午茶', '带薪年假', '员工旅游', '节日福利', '定期体检', '团建聚餐', '五险一金']"
后端开发Python为主,本科,经验不限,小冻梨智能,南京,江宁区,百家湖,"['Docker', 'Django', 'PostgreSQL', 'MySQL', 'Python', 'Flask']","['保底工资', '绩效奖金', '团建聚餐', '带薪年假', '底薪加提成', '五险一金', '年终奖', '节假日加班费', '零食下午茶', '生日福利', '节日福利', '员工旅游']"
java/C++/C/python/go/JS 开发/测试/大数据,本科,经验不限,西安华为技术有限公司,南京,雨花台区,安德门,"['C++', 'Java', 'JVM', 'Nginx', 'Spring', 'Spark', 'MySQL', '分布式经验', '云计算经验']","['交通补助', '餐补', '全勤奖', '包吃', '零食下午茶', '团建聚餐', '加班补助', '五险一金', '绩效奖金', '定期体检', '年终奖']"
Python,本科,经验不限,某知名互联网上市公司,南京,,,['Python'],"['补充医疗保险', '员工旅游', '定期体检', '住房补贴', '零食下午茶', '年终奖', '交通补助', '带薪年假', '节日福利', '通讯补贴', '五险一金']"
Python,本科,3-5年,南京玻尔兹曼信息科技,南京,浦口区,江浦,"['爬虫经验', '微服务经验', 'Django', 'MySQL', 'Redis', 'MongoDB', '架构设计经验', 'Numpy', 'Python', 'Flask']","['股票期权', '五险一金', '夜班补助', '绩效奖金', '年终奖', '加班补助']"
python数据开发工程师,学历不限,3-5年,落尘文学,南京,雨花台区,安德门,"['flink', 'Pvthon', '爬虫经验', 'Scala', '大数据处理', '其他', 'Python']","['零食下午茶', '节日福利', '年终奖', '员工旅游', '全勤奖', '定期体检', '五险一金']"
理工科！python编程老师双休六险一金长期班,本科,经验不限,核桃编程,南京,,,['Python'],"['补充医疗保险', '交通补助', '包吃', '五险一金', '零食下午茶', '餐补']"
python研发工程师,本科,3-5年,边缘智能研究院,南京,鼓楼区,挹江门,"['机器学习工程经验', '网络爬虫技术', '数据开发', 'NoSQL', '机器学习/算法工程', '负载均衡技术', '服务器配置', 'MySQL', '多线程', '多进程', 'MongoDB', 'Python']","['包吃', '定期体检', '带薪年假', '加班补助', '节日福利', '五险一金']"
Python,本科,3-5年,慧诺科技,南京,雨花台区,铁心桥,"['Python', 'Java', 'Docker', 'MySQL', 'Redis', 'Oracle', 'Linux开发/部署经验', '分布式经验', '爬虫经验']","['交通补助', '通讯补贴', '节日福利', '生日福利', '五险一金', '绩效奖金', '员工旅游', '带薪年假', '意外险', '年终奖', '团建聚餐', '股票期权', '餐补']"
python爬虫,大专,经验不限,南京爱辉文化传媒...,南京,玄武区,丹凤街,"['Python', 'Selenium', 'MySQL', '爬虫经验']","['节日福利', '五险一金', '零食下午茶', '绩效奖金', '全勤奖']"
python开发实习生,本科,,北京天润融通,南京,雨花台区,安德门,"['Python', 'Django', 'Flask', 'MySQL', 'PostgreSQL']","['年终奖', '通讯补贴', '带薪年假', '团建聚餐', '零食下午茶', '五险一金', '节日福利']"
人工智能Python,本科,3-5年,深圳微蚂蚁,南京,鼓楼区,山西路,"['Django', 'MySQL', '机器学习经验', 'AI', 'Python']","['团建聚餐', '交通补助', '零食下午茶', '生日福利', '五险一金', '餐补', '节日福利']"
java/python/c/c++/c#开发+一线大厂待遇,学历不限,经验不限,某大型国际互联网+人力资源服务上市公司,南京,,,"['Python', 'Java', 'C++', 'C', 'Docker', 'MySQL']","['住房补贴', '定期体检', '带薪年假', '年终奖', '补充医疗保险', '员工旅游', '五险一金', '交通补助', '节日福利', '通讯补贴', '零食下午茶']"
python软件开发,本科,经验不限,南京从一医药科技...,南京,雨花台区,南京南站,['Python'],"['交通补助', '零食下午茶', '带薪年假', '团建聚餐', '餐补', '员工旅游', '通讯补贴', '年终奖', '节日福利', '意外险', '补充医疗保险', '定期体检', '股票期权', '生日福利', '五险一金']"
Python（AI工具）—电力外包+双休,本科,3-5年,润和软件,南京,鼓楼区,华侨路,"['Python', 'Java', 'Django', 'Flask', 'Kubernetes', 'Docker', 'PyTorch', 'MySQL', 'AI 工具 langchain', 'FastGPT、Dify', 'LLMOpS']","['年终奖', '带薪年假', '节日福利', '股票期权', '交通便利', '团建聚餐', '五险一金', '食堂']"
Python技术支持(A249957),本科,经验不限,分叉智能科技,南京,浦口区,江浦,"['Scrapy', 'Django', 'Pandas', 'MySQL', 'Redis', 'Selenium', 'Python']","['节日福利', '团建聚餐', '零食下午茶', '带薪年假', '股票期权', '年终奖', '五险一金']"
Python开发设计师,大专,经验不限,今夜到家健康科技,南京,鼓楼区,中央路,"['Python', 'Java', 'Kafka', 'TensorFlow', 'Redis', '架构设计经验']",[]
python高级开发工程师,本科,3-5年,湖北科之锐教育科技,南京,秦淮区,长白街,"['Python', 'Django', 'Numpy', 'Flask', 'Pandas', 'MySQL', 'Oracle', 'Redis', 'Hadoop', 'Spark', '运维开发经验']","['交通补助', '通讯补贴', '餐补', '底薪加提成', '绩效奖金', '五险一金']"
人工智能 python,大专,3-5年,翀之羽,南京,浦口区,江浦,"['Python', '团队管理经验', '有没有会人工智能 python的啊']",['五险一金']
Python开发实习生-南京,本科,在校/应届,亚信科技,南京,,,['实习生招聘'],"['年终奖', '交通补助', '加班补助', '补充医疗保险', '带薪年假', '五险一金', '定期体检', '餐补', '生日福利', '绩效奖金', '免费班车', '团建聚餐', '通讯补贴', '股票期权', '定期体检', '节日福利']"
python开发,本科,1-3年,中软国际,南京,雨花台区,安德门,"['性能调优', 'fastapi', 'celery', 'Django', '协程异步编程', 'Python', 'Flask']","['五险一金', '定期体检', '带薪年假', '餐补', '加班补助', '年终奖', '节日福利', '员工旅游', '免费班车', '零食下午茶']"
python,大专,,南京南鹰科技有限公司,南京,江宁区,东山,"['Rpa', 'Numpy', 'Python']","['团建聚餐', '零食下午茶', '工龄奖', '生日福利', '底薪加提成', '有无线网', '节假日加班费', '保底工资', '年终奖', '绩效奖金', '五险一金', '带薪年假']"
Python,硕士,3-5年,南京天创文化,南京,秦淮区,朝天宫,"['Linux', 'Python', 'HTML/CSS']","['年终奖', '五险一金', '定期体检', '加班补助', '全勤奖', '补充医疗保险']"
python开发,大专,1-3年,明月华炎,南京,雨花台区,安德门,"['Python', 'Django', 'MySQL', 'Linux开发/部署经验', '大模型']",[]
Python-大模型-双休-短期2个月_wh3zyhx,大专,5-10年,版石软件(上海),南京,,,"['Python', 'Kubernetes', 'Docker', 'Django']",[]
python开发实习生,本科,,互会科技,南京,玄武区,锁金村,"['Nginx', '接受实习/在校生投递', 'MySQL', 'Python']","['股票期权', '餐补', '全勤奖', '员工旅游', '带薪年假', '年终奖', '加班补助', '交通补助', '通讯补贴', '包吃', '五险一金', '节日福利', '定期体检']"
人工智能Python后端开发工程师,本科,3-5年,同创有云,南京,鼓楼区,山西路,"['Docker', 'Django', 'Pandas', 'MySQL', 'Redis', 'Numpy', 'Python', 'Flask']","['通讯补贴', '餐补', '节日福利', '绩效奖金', '团建聚餐', '带薪年假', '法定节假日三薪', '保底工资', '交通补助', '定期体检', '生日福利', '五险一金']"
Test（python）,本科,5-10年,智达诚远,南京,雨花台区,安德门,[],"['生日福利', '住房补贴', '带薪年假', '定期体检', '零食下午茶', '节日福利', '股票期权', '加班补助', '团建聚餐', '五险一金']"
Python 后端工程师,大专,1-3年,中数智美,南京,,,"['接受无数字后端工程师经验', 'python', 'java']","['五险一金', '年终奖', '全勤奖', '节日福利', '交通补助', '通讯补贴', '节假日加班费', '绩效奖金', '生日福利', '员工旅游', '有无线网', '带薪年假', '团建聚餐', '餐补']"
对日高级软件开发工程师JAVA/C/Python,大专,3-5年,睿亭信息咨询,南京,江宁区,东山,"['Python', 'Java', 'C++', 'C', 'C#', 'Django', 'MySQL', '团队管理经验', '日语沟通交流']","['生日福利', '加班补助', '保底工资', '绩效奖金', '年终奖']"
python,本科,经验不限,某大型基金公司,南京,,,"['Python', '量化交易开发经验']","['节日福利', '五险一金', '有无线网', '加班补助', '零食下午茶', '年终奖', '员工旅游', '交通补助', '定期体检', '补充医疗保险', '带薪年假', '包吃', '团建聚餐']"
Python,大专,1-3年,南京相禾科技,南京,江宁区,东山,[],[]
软件开发工程师（Java/C/C++/python/测试）,本科,3-5年,上海华为技术有限公司,南京,雨花台区,安德门,"['Java', 'C++', 'C', 'Zookeeper', 'SpringCloud', 'MySQL', 'Spring', 'Oracle']","['节日福利', '股票期权', '生日福利', '有无线网', '团建聚餐', '免费班车', '绩效奖金', '带薪年假', '员工旅游', '补充医疗保险', '定期体检', '意外险', '保底工资', '加班补助', '零食下午茶', '节假日加班费', '年终奖', '法定节假日三薪', '五险一金']"
Python,大专,1年以内,南京思睿房地产经纪,南京,栖霞区,仙林大学城,"['Python', 'Scrapy', 'Numpy', 'PyTorch', 'MySQL', '其他', '爬虫经验']",[]
Python开发工程师,本科,3-5年,中安智能,南京,江宁区,胜太路,"['Python', 'Docker', 'MongoDB', 'Linux开发/部署经验', '运维开发经验']","['交通补助', '员工旅游', '零食下午茶', '定期体检', '五险一金', '节日福利', '全勤奖', '加班补助', '餐补', '股票期权', '带薪年假', '住房补贴', '年终奖']"
python开发工程师,本科,3-5年,艺赛旗,南京,栖霞区,新港开发区,['Python'],"['年终奖', '绩效奖金', '教育经费', '节日福利', '法定节假日三薪', '底薪加提成', '零食下午茶', '免费班车', '带薪年假', '员工旅游', '五险一金', '补充医疗保险', '生日福利', '保底工资', '交通补助', '股票期权', '团建聚餐', '节假日加班费']"
金融量化编程师 Python Pine,学历不限,经验不限,福州鼓楼瑞宽信息...,南京,雨花台区,安德门,"['Python', 'Java', 'C++', 'C', 'Pine', '麦语言']",[]
Python高级研发工程师（双休+五险一金）,本科,5-10年,立维网,南京,浦口区,泰山,"['Python', 'PyTorch', 'MySQL', 'Linux开发/部署经验', '架构设计经验']","['零食下午茶', '带薪年假', '加班补助', '节日福利', '年终奖', '股票期权', '员工旅游', '保底工资', '五险一金', '团建聚餐', '绩效奖金', '有无线网', '生日福利', '底薪加提成', '定期体检', '节假日加班费']"
Python,本科,经验不限,中国电科28所,南京,栖霞区,仙林大学城,"['PyTorch', 'MySQL', '机器学习经验', 'Redis', '其他', 'Oracle', 'Linux开发/部署经验', 'Python', 'TensorFlow', 'HBase']","['五险一金', '餐补', '补充医疗保险', '带薪年假', '年终奖', '高温假', '员工旅游', '定期体检', '文体活动', '节日福利', '加班补助', '加长春节假期', '交通补助', '团建活动']"
AI大模型Python开发工程师+南京,本科,5-10年,上海海万信息科技,南京,玄武区,新街口,"['大模型开发', '机器学习经验', 'python开发工程师', 'RAG', 'multiprocessing', '量化交易开发经验', 'Python']","['带薪年假', '零食下午茶', '员工旅游', '五险一金', '定期体检', '节日福利']"
Python 开发,大专,1-3年,墨初,南京,建邺区,奥体,"['Python', 'Django', 'Scrapy', 'MySQL', 'Redis', 'PostgreSQL']",[]
Python Web 开发工程师（Flask/Vue方向）,本科,3-5年,四维向量科技,南京,雨花台区,安德门,"['Python', 'Flask', 'MySQL', 'Redis', 'PostgreSQL', '团队管理经验', 'Linux开发/部署经验', '架构设计经验']","['五险一金', '零食下午茶', '全勤奖', '年终奖', '加班补助', '带薪年假', '股票期权']"
Python + 影刀 RPA 助力业务自动化工程师,本科,1-3年,南京斐梅,南京,鼓楼区,凤凰西街,"['Python', 'MySQL', '爬虫经验']","['节日福利', '年终奖', '带薪年假', '零食下午茶', '五险一金', '餐补']"
Python开发工程师,大专,1-3年,智火,南京,雨花台区,铁心桥,"['网络爬虫技术', '分布式技术', '架构师', 'Scrapy', 'MySQL', 'Redis']","['带薪年假', '项目奖金', '出差补助', '交通补助', '五险一金', '年终奖', '定期体检', '节日福利', '零食下午茶']"
python实习生,本科,,星赫能源科技,南京,雨花台区,铁心桥,"['Python', 'Numpy', 'Pandas', 'Docker', 'MySQL', 'Redis']","['法定节假日三薪', '带薪年假', '餐补', '意外险', '员工旅游', '五险一金', '定期体检', '年终奖', '节日福利', '绩效奖金', '包吃', '团建聚餐', '优秀员工奖', '项目奖励', '婚育等礼金']"
python算法（南京）XM202504140004-0001,本科,1-3年,北京朗杰,南京,浦口区,泰山,"['Python', 'C++', 'C', 'PyTorch', 'MySQL', 'Oracle']","['带薪年假', '零食下午茶', '年终奖', '通讯补贴', '定期体检', '五险一金', '节日福利', '餐补']"
python开发工程师,大专,1-3年,拾柴信息,南京,浦口区,沿江,"['Golang', 'Django', 'Flask', 'MySQL', 'Redis', 'Python']","['五险一金', '带薪年假', '住房补贴', '通讯补贴', '交通补助', '年终奖', '节日福利']"
python开发工程师,本科,1-3年,纳泽科技,南京,雨花台区,安德门,"['Python', 'Golang', 'Django', 'Kafka', 'Selenium', 'Nginx', 'MySQL', 'HBase', 'Oracle', 'Hadoop', 'Hive']","['全勤奖', '补充医疗保险', '加班补助', '带薪年假', '节日福利', '年终奖', '餐补', '员工旅游', '五险一金', '定期体检']"
Python,本科,经验不限,南京扬宁科技,南京,鼓楼区,南大,"['后端', 'Python']",[]
Python,本科,经验不限,magic机器人,南京,江宁区,东山,"['python爬虫', 'Android', 'Javascript']",[]
python后端,本科,,风语智能,南京,栖霞区,仙林大学城,"['C++', 'Python', 'Django', 'Flask', 'MySQL', 'Redis']",[]
Python,学历不限,1年以内,天联诺科技,南京,雨花台区,铁心桥,"['Python', 'Tornado', 'Flask', 'Redis']","['节假日加班费', '零食下午茶', '餐补', '加班补助', '补充医疗保险', '交通补助', '定期体检', '生日福利', '全勤奖', '年终奖', '五险一金', '绩效奖金', '节日福利']"
python爬虫工程师,本科,5-10年,索帕新能源,南京,雨花台区,南京南站,['爬虫'],"['节日福利', '带薪年假', '餐补', '五险一金', '住房补贴', '有无线网']"
高级python开发工程师,本科,5-10年,奇瑞信息公司,南京,栖霞区,摄山,"['Python', 'Flask', 'Django', 'Docker', 'PyTorch', 'TensorFlow', 'MySQL', 'Redis', 'Linux开发/部署经验', 'AI', '大模型']","['补充医疗保险', '五险一金', '定期体检', '绩效奖金', '通讯补贴', '年终奖', '宿舍有空调', '餐补', '意外险', '免费班车', '生日福利', '免费工装', '团建聚餐', '节日福利', '带薪年假', '包住', '夜班补助', '高温补贴', '零食下午茶']"
python开发工程师,本科,3-5年,益发特,南京,玄武区,孝陵卫,"['Python', 'C', 'C++', 'Numpy', 'MySQL', 'Redis', 'PySide', 'PyQt']",[]
python开发工程师,本科,3-5年,美辛软件,南京,,,"['自然语言处理算法', '数据挖掘', 'Python']","['五险一金', '定期体检', '年终奖', '餐补', '节日福利']"
python开发工程师,硕士,3-5年,国网电科院,南京,江宁区,开发区,"['机器学习/算法工程', 'Python', 'TensorFlow', 'PyTorch']","['免费班车', '节日福利', '带薪年假', '免费工装', '生日福利', '企业年金', '股票期权', '补充医疗保险', '定期体检', '通讯补贴', '年终奖', '餐补', '五险一金', '加班补助']"
AI 后端开发实习生 (Python 开发能力),本科,,博西家电,南京,栖霞区,尧化,"['Python', 'Flask', 'Django']","['节日福利', '免费班车', '带薪年假', '法定节假日三薪', '节假日加班费', '年终奖', '定期体检', '补充医疗保险', '五险一金']"
C端电商自动化测试（Python）,本科,5-10年,诚迈科技,南京,玄武区,徐庄软件园,"['Python', '计算机相关专业', '自动化测试经验']","['免费班车', '团建聚餐', '通讯补贴', '五险一金', '交通补助', '员工旅游', '法定节假日三薪', '加班补助', '餐补', '节日福利', '定期体检', '带薪年假']"
python开发工程师+外包+芜湖工作,本科,5-10年,海通安恒,南京,玄武区,新街口,"['Python', 'Django', 'Kafka', 'MySQL', 'MongoDB']","['节日福利', '定期体检', '通讯补贴', '带薪年假', '五险一金']"
python,本科,3-5年,广东盛讯通,南京,雨花台区,安德门,"['Golang', 'Python', 'Django', 'MySQL', '分布式经验', '微服务经验', 'Linux开发/部署经验']",[]
Python,本科,1-3年,南京景盛网络文化传媒,南京,,,"['Python', 'Java', 'C++']",[]
python实习生,本科,,CYCLONE RPA,南京,雨花台区,宁南,"['爬虫经验', 'PyTorch', 'Docker', 'MySQL', 'Python']","['节日福利', '年终奖', '零食下午茶', '带薪年假', '五险一金', '股票期权', '员工旅游']"
python开发工程师,本科,3-5年,中新赛克,南京,雨花台区,安德门,"['Python', 'Django', 'Flask', 'Docker', 'Kubernetes', 'Nginx', 'Redis', 'PostgreSQL', '大模型', '智能体', 'Langchain']","['年终奖', '餐补', '定期体检', '免费班车', '节日福利', '补充医疗保险', '食堂', '交通补助', '带薪年假', '住房补贴', '班车', '股票期权', '通讯补贴', '包吃', '员工旅游', '五险一金', '零食下午茶']"
Python/JAVA,学历不限,1-3年,罗斯蒙德,南京,浦口区,泰山,"['Python', 'Java', 'Flask', 'Django', 'Kafka', 'MySQL', 'PostgreSQL']","['企业年金', '生日福利', '加班补助', '团建聚餐', '餐补', '五险一金', '节日福利', '绩效奖金', '带薪年假', '全勤奖', '年终奖', '交通补助']"
Python开发工程师（大模型方向）,本科,3-5年,菲尔森,南京,,,"['Python', 'PyTorch', 'Django', 'TensorFlow', 'MySQL', 'Redis', 'PostgreSQL', '大模型', 'LLaMA', 'LangChain']","['生日福利', '节日福利', '带薪年假', '定期体检', '五险一金']"
python实习生,本科,,SIMTEK,南京,江宁区,百家湖,"['Python', 'PyTorch', 'MySQL']","['餐补', '通讯补贴', '员工旅游', '五险一金', '年终奖', '股票期权', '交通补助', '定期体检', '交通意外保险', '住房补贴']"
Python开发实习生,本科,,海南惊韬科技投资集团,南京,鼓楼区,山西路,"['Django', 'Pandas', 'MySQL', 'Numpy', 'Python']","['意外险', '绩效奖金', '五险一金', '全勤奖', '带薪年假', '节日福利', '底薪加提成', '保底工资', '通讯补贴', '生日福利', '高温补贴', '餐补', '免费班车', '零食下午茶', '工龄奖', '股票期权']"
python开发工程师,本科,1-3年,文泽智远,南京,浦口区,沿江,"['后端', 'Python', '计算机相关专业', '数学/统计相关专业']","['餐补', '带薪年假', '定期体检', '节日福利', '年终奖', '加班补助', '五险一金']"
后端开发实习生(Python/Go/Linux),本科,,凯易讯,南京,雨花台区,安德门,"['Python', 'Docker']","['交通补助', '通讯补贴', '节日福利', '住房补贴', '团建聚餐', '生日福利', '零食下午茶', '定期体检', '水果', '餐补', '意外险', '绩效奖金', '新鲜奶咖', '年终奖', '补充医疗保险', '员工旅游', '带薪年假', '五险一金']"
python,本科,5-10年,中奥智能工业研究院,南京,浦口区,江浦,"['MySQL', '后端开发', 'Python', 'Flask', 'TensorFlow']","['节日福利', '五险一金', '年终奖', '零食下午茶', '股票期权', '加班补助', '员工旅游', '带薪年假']"
python开发实习生,大专,,南京速码,南京,江宁区,将军大道,"['爬虫', 'Python']",[]
python开发,大专,经验不限,德塔金,南京,建邺区,水西门,"['Scrapy', '团队管理经验', 'Django', 'MySQL', '运维开发经验', '架构设计经验', 'Oracle', 'Python', 'Flask', 'HBase']",[]
Python开发,大专,1-3年,南京鸿利,南京,建邺区,双闸,['中级软件工程师'],[]
Python,本科,1-3年,厚勇科技,南京,玄武区,锁金村,"['Python', '其他', '爬虫经验', '开发工程师']",['五险一金']
校区合伙人python,大专,1-3年,魔放,南京,江宁区,托乐嘉,['Python'],"['加班补助', '餐补', '五险一金', '带薪年假', '股票期权', '全勤奖', '住房补贴', '定期体检', '通讯补贴', '节日福利', '交通补助']"
python后端开发实习生,硕士,,南京天洑软件有限公司,南京,江宁区,开发区,['Python'],"['股票期权', '免费工装', '员工旅游', '交通补助', '免费班车', '带薪年假', '零食下午茶', '补充医疗保险', '节日福利', '通讯补贴', '五险一金', '团建聚餐', '绩效奖金', '餐补']"
自动化测试工程师-Python,本科,5-10年,晴润科技,南京,玄武区,徐庄软件园,"['自动化测试经验', 'LoadRunner', 'Selenium', 'JMeter', '软件开发经验', 'Python']","['五险一金', '零食下午茶', '节日福利', '员工旅游', '带薪年假']"
Python,本科,3-5年,南京非线,南京,浦口区,江浦,"['Python', 'Java', 'Django', 'MySQL', '机器学习经验']","['节日福利', '交通补助', '带薪年假', '年终奖', '餐补', '通讯补贴']"
急招Python开发 南京双休！,本科,3-5年,菲克斯能源科技,南京,江宁区,开发区,"['MySQL', '人工智能', 'Numpy', 'Python']","['年终奖', '加班补助', '全勤奖', '节日福利', '零食下午茶', '带薪年假', '五险一金']"
高级python开发工程师,本科,3-5年,南京基山,南京,鼓楼区,山西路,"['Python', 'Pandas', 'Numpy', 'MySQL']","['绩效奖金', '五险一金']"
python量化开发工程师,本科,经验不限,南京市骐凯舜教育科技,南京,建邺区,江东,"['PostgreSQL', 'Pandas', 'MySQL', '机器学习经验', '运维开发经验', 'Numpy', '量化交易开发经验', 'Python']","['年终奖', '员工旅游', '节假日加班费', '带薪年假', '绩效奖金', '有无线网', '五险一金']"
Python开发工程师,本科,3-5年,苏宁IT,南京,玄武区,仙鹤门,['Python'],"['免费班车', '补充医疗保险', '定期体检', '年终奖', '交通补助', '五险一金', '带薪年假', '餐补', '股票期权', '通讯补贴', '节日福利', '零食下午茶']"
Python 后台开发工程师 / 高级开发工程师,本科,3-5年,南京汉悠,南京,江宁区,东善桥,"['Python', 'Django', 'PyTorch', 'MySQL', 'MongoDB', 'HBase', 'PostgreSQL', '架构设计经验', 'Linux开发/部署经验', '运维开发经验', '云计算经验']","['五险一金', '绩效奖金', '餐补', '年终奖', '节日福利']"
Python,本科,经验不限,南京米斗教育科技...,南京,建邺区,奥体,"['接受实习/在校生投递', 'MySQL', '架构设计经验', 'Python', 'Flask']",[]
Python实施开发,本科,1-3年,大千信息,南京,江宁区,百家湖,"['Pandas', 'MySQL', '其他', 'Python']",['五险一金']
Python,本科,1-3年,南京全设,南京,江宁区,,"['Java', '后端开发', '数据库']",[]
Python,本科,经验不限,北京字节跳动,南京,鼓楼区,南大,"['Python', 'Java', 'Go', 'C++', 'PHP', '架构师']","['零食下午茶', '绩效奖金', '意外险', '带薪年假', '就近租房补贴', '年终奖', '交通补助', '五险一金', '定期体检', '节日福利', '弹性工作制', '团建聚餐', '加班补助', '年度体检', '家庭关爱假', '餐饮及下午茶', '餐补', '补充医疗保险', '节日礼品', '住房补贴']"
Python开发工程师,本科,3-5年,卓顿科技,南京,江宁区,胜太路,"['MySQL', 'Redis', 'Python']","['加班补助', '五险一金', '带薪年假', '股票期权', '年终奖', '员工旅游', '节日福利', '零食下午茶']"
python开发,本科,5-10年,上古网络,南京,江宁区,开发区,"['Python', 'Docker', 'MySQL', 'AI', '数字人']","['节日福利', '加班补助', '带薪年假', '包吃', '员工旅游', '五险一金', '年终奖']"
Python实习生,学历不限,,贝优科技,南京,鼓楼区,山西路,"['Python', 'Docker', 'Selenium', 'Nginx', 'MySQL', 'Redis', 'MongoDB', '接受实习/在校生投递']","['通讯补贴', '零食下午茶', '保底工资', '节日福利', '带薪年假', '五险一金', '餐补', '生日福利', '绩效奖金', '底薪加提成', '年终奖', '定期体检', '交通补助', '加班补助', '团建聚餐']"
python爬虫工程师,本科,1-3年,的卢技术,南京,栖霞区,新港开发区,['java'],"['五险一金', '补充医疗保险', '团建津贴', '通讯补贴', '年终奖', '带薪年假', '餐补', '股票期权', '定期体检', '节日福利']"
python工程师,大专,1-3年,江苏中存,南京,栖霞区,仙林大学城,"['后端', 'Python', 'Django', '计算机相关专业']",[]
JAVA/C++/JS/python/GO等通用开发工程师,本科,经验不限,华为技术有限公司,南京,雨花台区,南京南站,"['Python', '负载均衡技术', '分布式技术', '数据结构', 'Redis']","['五险一金', '绩效奖金', '节日福利', '免费班车', '团建聚餐', '零食下午茶', '夜班补助', '年终奖', '生日福利', '节假日加班费', '带薪年假', '员工旅游', '股票期权', '保底工资', '交通补助', '加班补助', '定期体检', '补充医疗保险', '法定节假日三薪', '离职补偿']"
python全栈开发工程师,本科,1-3年,新瑞途,南京,鼓楼区,山西路,"['Django', 'MySQL', 'MongoDB', 'Python']",[]
python开发工程师,本科,3-5年,量界数据,南京,江宁区,东山,"['Java', 'C++', 'Scrapy', 'K8S', 'Redis', '运维开发经验', 'Tornado', 'MongoDB', '架构设计经验', 'Oracle', 'Linux开发/部署经验', 'Python', 'Flask']","['节日福利', '团建聚餐', '零食下午茶', '节假日加班费', '加班补助']"
Python,本科,5-10年,保途顺,南京,栖霞区,万寿,"['Java', '爬虫经验', '服务端开发经验', '全栈开发经验', '高级软件工程师', 'Python']",[]
python全栈工程师,学历不限,经验不限,麦斯,南京,江宁区,东山,"['Python', 'Django', 'MySQL']","['年终奖', '五险一金']"
Python,本科,1-3年,iWudao吾道科技,南京,江宁区,同曦,"['Django', 'MongoDB', 'Python']","['生日福利', '节日福利', '住房补贴', '员工旅游', '定期体检', '带薪年假', '加班补助', '零食下午茶', '五险一金']"
云平台Java+Python-外包-统招学信网,本科,5-10年,伟仕佳杰,南京,鼓楼区,中央路,"['Java', 'Python', 'SpringCloud', 'Docker', 'MySQL', 'PostgreSQL', '云计算经验', '不接受居家办公', 'Spring Boot']","['带薪年假', '生日福利', '通讯补贴', '节日福利', '零食下午茶', '餐补', '有无线网', '员工旅游', '交通补助']"
python开发工程师,本科,1-3年,方寸图,南京,建邺区,江东,"['Python', 'PyTorch', 'MySQL', 'Spark', '团队管理经验', '爬虫经验']","['五险一金', '通讯补贴', '年终奖', '零食下午茶', '定期体检', '全勤奖', '加班补助', '节日福利', '交通补助']"
python,本科,3-5年,嘻码科技(北京),南京,建邺区,江东,"['Python', 'Django']","['加班补助', '五险一金']"
Python开发,本科,3-5年,法本,南京,雨花台区,安德门,"['k8s', 'Python']","['带薪年假', '企业文化', '节日福利', '五险一金', '零食下午茶']"
Python开发工程师,本科,经验不限,升智科技,南京,雨花台区,铁心桥,"['Python', 'Golang', 'PyTorch', 'TensorFlow', 'Docker', 'MySQL']","['年终奖', '零食下午茶', '团建聚餐', '生日福利', '五险一金', '股票期权', '绩效奖金', '定期体检', '带薪年假', '节日福利']"
Python,大专,1-3年,数创信息科技,南京,江宁区,东山,"['数据结构', 'Unix', 'Linux', 'Django', 'PostgreSQL', 'SQL', '软件工程师', 'Python']","['年终奖', '全勤奖', '零食下午茶', '补充医疗保险', '五险一金']"
Python,本科,3-5年,可见未来教育科技,南京,鼓楼区,万达广场,"['爬虫经验', 'Docker', 'MySQL', '运维开发经验', 'PHP', '云计算经验', 'Python']","['五险一金', '带薪年假', '股票期权', '零食下午茶', '节日福利', '补充医疗保险', '年终奖', '交通补助', '餐补', '定期体检', '员工旅游']"
Python,本科,1-3年,兔酱,南京,江宁区,百家湖,"['Golang', 'Scrapy', '分布式经验', 'PostgreSQL', '机器学习经验', 'Redis', '爬虫经验', 'Elasticsearch', 'MySQL', 'Pandas', '运维开发经验', 'MongoDB', 'Selenium', 'Linux开发/部署经验', 'Flask', 'Python']","['底薪加提成', '夜班补助', '节假日加班费', '节日福利', '五险一金']"
中级python开发工程师,本科,3-5年,开缘防务,南京,栖霞区,仙林大学城,"['爬虫', 'Linux', 'Django', 'MySQL', 'Python后端', '国产化适配', '大模型', 'Linux开发/部署经验', 'Python', 'Flask']","['带薪年假', '全勤奖', '绩效奖金', '团建聚餐', '股票期权', '年终奖', '五险一金']"
python高级开发工程师,本科,经验不限,某大型人力资源服务公司,南京,,,['Python'],[]
python测试工程师,本科,1-3年,南京德软,南京,江宁区,科学园,"['C++', 'Linux开发/部署经验', 'Python']","['绩效奖金', '通讯补贴', '生日福利', '带薪年假', '节日福利', '餐补', '包吃', '员工旅游', '包住', '交通补助', '保底工资', '底薪加提成', '高温补贴', '团建聚餐', '零食下午茶', '住房补贴', '年终奖', '定期体检', '五险一金', '意外险']"
Python开发工程师（AI方向）,本科,3-5年,明思新科(南京)...,南京,浦口区,江浦,"['Python', 'Django', 'Flask', 'PyTorch', 'MySQL', 'Redis', '分布式经验', '微服务经验']","['交通补助', '全勤奖', '有无线网', '底薪加提成', '保底工资', '五险一金', '绩效奖金']"
Python/Perl后台开发工程师,本科,3-5年,中盈优创,南京,建邺区,中胜,"['软件工程师', 'python', 'perl']","['节日福利', '有无线网', '交通补助', '生日福利', '团建聚餐', '法定节假日三薪', '意外险']"
Python,大专,1-3年,圣安合,南京,江宁区,大学城,"['Python', '后端开发', 'Python工程师', 'Python算法工程师', '软件工程师', 'ERP', 'odoo']",[]
python开发工程师,本科,5-10年,圣唯思,南京,,,"['Docker', 'Python']","['带薪年假', '优秀员工', '补充医疗保险', '定期体检', '五险一金', '加班补助', '节日福利', '年终奖']"
python开发实习生,本科,,焦点教育科技有限公司,南京,浦口区,沿江,['Python'],"['节日福利', '免费工装', '股票期权', '零食下午茶', '意外险', '包吃', '全勤奖', '五险一金', '生日福利', '员工旅游', '年终奖', '带薪年假', '定期体检', '补充医疗保险', '加班补助', '免费班车']"
高级Python软件开发工程师,本科,3-5年,数溪科技,南京,雨花台区,铁心桥,"['Python', 'Docker', 'Numpy', 'Pandas', 'MongoDB', 'PostgreSQL', '机器学习经验', '爬虫经验']","['全勤奖', '餐补', '员工旅游', '带薪年假', '交通补助', '节日福利', '五险一金', '加班补助', '定期体检', '年终奖', '股票期权']"
Python后端开发工程师,本科,1-3年,诚擎科技,南京,栖霞区,仙林大学城,"['Python', 'HTML', '后端开发', '服务器配置', 'MySQL', '全栈开发', '多线程', 'Flask']","['有无线网', '团建聚餐', '定期体检', '年终奖', '节日福利', '生日福利', '五险一金']"
python开发工程师,本科,3-5年,越亮传奇,南京,建邺区,江东,"['Django', 'Oracle', 'Python']",['五险一金']
Python（国企）,本科,3-5年,北京某大型保险上市公司,南京,,,"['Python', 'Pandas', 'Django', 'Numpy']","['带薪年假', '员工旅游', '全勤奖', '节日福利', '底薪加提成', '交通补助', '保底工资', '通讯补贴', '绩效奖金', '生日福利', '补充医疗保险', '年终奖', '意外险', '团建聚餐', '有无线网', '零食下午茶']"
python中级开发工程师,本科,3-5年,润飞,南京,鼓楼区,山西路,"['Python', 'PyTorch', 'Pandas', 'Numpy', 'Django', 'Flask', 'MySQL', 'Redis', 'Oracle', 'MongoDB', 'PostgreSQL']",['五险一金']
python,本科,3-5年,迈思信息,南京,雨花台区,铁心桥,"['Django', 'MongoDB', 'Python']","['定期体检', '五险一金', '通讯补贴', '带薪年假', '零食下午茶']"
web后端开发工程师,学历不限,3-5年,网眼信息技术,南京,雨花台区,软件大道,"['后端开发', 'Golang', 'python']","['员工旅游', '节日福利', '定期体检', '五险一金', '带薪年假', '包吃', '零食下午茶', '补充医疗保险']"
Python开发工程师（非外包）,大专,1-3年,萤十信息科技有限公司,南京,鼓楼区,湖南路,"['Java', 'Scrapy', 'C', 'Hadoop', '多进程', 'HBase', '网络爬虫技术', 'Linux', 'Django', '云计算经验', 'Spark', 'Selenium', 'Linux开发/部署经验', '量化交易开发经验', 'Flask', 'Python']","['五险一金', '补充医疗保险', '年终奖', '员工旅游', '带薪年假', '节日福利', '通讯补贴', '零食下午茶']"
Python,大专,1-3年,南京道朋,南京,雨花台区,铁心桥,['Python'],"['交通补助', '五险一金', '定期体检']"
python开发工程师,本科,1-3年,中创书局,南京,,,"['Django', 'MySQL', 'Python', 'Flask']","['全勤奖', '生日福利', '节日福利', '节假日加班费', '五险一金', '年终奖', '定期体检']"
python开发工程师,本科,3-5年,珥仁,南京,建邺区,双闸,"['Java', 'Django', 'Pandas', 'MySQL', '架构设计经验', 'Oracle', '有前端经验/技能', 'Numpy', 'Python', 'Flask']","['带薪年假', '加班补助', '全勤奖', '年终奖', '员工旅游', '五险一金', '节日福利']"
python后端工程师,本科,经验不限,聆韵,南京,雨花台区,铁心桥,"['后端', 'Python']","['五险一金', '定期体检', '全勤奖', '年终奖']"
南京Python开发工程师,本科,1-3年,上海玄信,南京,栖霞区,仙林大学城,"['运维开发', 'Python', '计算机相关专业']","['加班补助', '包吃', '员工旅游', '零食下午茶', '年终奖', '五险一金', '定期体检']"
Python工程师,本科,1-3年,南京智慧水运,南京,鼓楼区,幕府山,"['Windows', '算法基础', '分布式技术', 'MySQL', 'python', '深度学习']","['团建聚餐', '节日福利', '底薪加提成', '零食下午茶', '带薪年假', '员工旅游', '内部算法集训', '餐补', '年终奖', '定期体检', '补充医疗保险', '五险一金']"
Python,本科,3-5年,云聚互联,南京,雨花台区,软件大道,"['Python', 'Django', 'Tornado', 'MySQL', 'Redis', 'MongoDB', '架构设计经验', 'Linux开发/部署经验']","['股票期权', '节日福利', '员工旅游', '年终奖', '五险一金', '带薪年假']"
python爬虫工程师,本科,,南京微小宝,南京,,,"['爬虫', '爬虫经验', '接受实习/在校生投递', '数据分析', 'MySQL', 'Python', '数据清洗']","['节日福利', '创新奖', '入职体检', '团建活动', '员工旅游', '婚育礼金', '工作服', '绩效奖金', '带薪年假', '零食下午茶', '年终奖', '全勤奖', '定期体检', '生日关怀', '五险一金']"
Python开发工程师,本科,1年以内,控维通信科技,南京,江宁区,麒麟镇,"['Linux', 'Python']","['年终奖', '免费班车', '带薪年假', '五险一金', '节日福利', '生日福利', '补充医疗保险', '免费工装', '高温补贴', '定期体检']"
AI/机器学习工程师（Python助理工程师）,本科,,智檬智能,南京,栖霞区,仙林大学城,"['Java', 'C++', 'Scrapy', 'C', 'PostgreSQL', 'Hadoop', 'Numpy', '爬虫经验', '接受实习/在校生投递', 'PyTorch', '微服务经验', 'Django', 'MySQL', 'PHP', '云计算经验', 'Tornado', 'MongoDB', 'Oracle', 'Linux开发/部署经验', 'Python']","['节日福利', '零食下午茶', '员工旅游', '定期体检', '年终奖', '五险一金', '带薪年假']"
Python,大专,1-3年,诗情画意,南京,鼓楼区,湖南路,"['Python', 'Django', 'MySQL', '团队管理经验', '架构设计经验', 'Linux开发/部署经验', '接受实习/在校生投递']","['带薪年假', '餐补', '节日福利', '全勤奖', '通讯补贴', '员工旅游', '五险一金', '加班补助', '年终奖', '住房补贴', '交通补助']"
python开发,本科,3-5年,南京瑞玥科技有限公司,南京,鼓楼区,三牌楼,"['Django', 'MySQL', '架构设计经验', 'Python', 'Flask']","['年终奖', '五险一金']"
算法工程师/python开发实习生,本科,经验不限,正道软件,南京,雨花台区,铁心桥,"['Python', 'Django', 'Flask', 'Tornado', 'Scrapy', 'Numpy', 'MySQL', 'Hadoop', 'Redis', 'Oracle', 'MongoDB', '机器学习经验', '云计算经验', '接受实习/在校生投递']",[]
Python,本科,经验不限,昆虫软件,南京,雨花台区,铁心桥,"['网络爬虫技术', 'Scrapy']","['带薪年假', '五险一金', '通讯补贴', '交通补助', '节日福利', '股票期权', '年终奖']"
python开发实习生,本科,,慧禾融智,南京,建邺区,奥体,"['后端', 'Python', '计算机相关专业']","['定期体检', '零食下午茶', '餐补', '带薪年假', '加班补助', '年终奖', '团建聚餐', '五险一金', '意外险']"
后端开发工程师（python+Java）(J16126),本科,5-10年,浩鲸科技,南京,江宁区,东善桥,"['Python', 'Java', 'Golang', 'C', 'Django', 'Nginx', 'MySQL', 'Oracle', 'PostgreSQL', '爬虫经验', '机器学习经验', '云计算经验', 'AI大模型', '知识工程', '知识图谱', 'RAG系统', '智能体开发']","['节日福利', '定期体检', '补充医疗保险', '五险一金']"
python开发工程师,本科,5-10年,锐驰鼎欣,南京,鼓楼区,湖南路,"['后端', '机器学习/算法工程', 'Python']","['餐补', '加班补助', '全勤奖', '节日福利', '五险一金', '带薪年假']"
Python开发-AI,本科,5-10年,紫藤优格,南京,江宁区,开发区,"['Python', 'Java', 'Django', 'Flask', 'MySQL']","['带薪年假', '节假日加班费', '年终奖']"
Python开发,本科,3-5年,武汉动策网络科技,南京,雨花台区,宁南,['Python'],[]
Python优化算法工程师,本科,,星火,南京,浦口区,高新区,"['C', 'PyTorch', 'MySQL', '云计算经验', 'Python']","['零食下午茶', '年终奖', '五险一金']"
Python开发工程师,大专,3-5年,卓影智能科技,南京,栖霞区,迈皋桥,"['分布式技术', 'Linux', 'Django']",[]
python,大专,3-5年,尚运,南京,雨花台区,铁心桥,"['Go', '容器技术', 'Linux', 'Unix', 'PostgreSQL', 'Flask']",[]
Python开发工程师,大专,3-5年,灵芯智能,南京,浦口区,江浦,['Python'],"['零食下午茶', '股票期权', '定期体检', '带薪年假', '年终奖', '员工旅游', '期权', '加班补助']"
python开发,本科,3-5年,江苏万维艾斯公司,南京,江宁区,麒麟镇,"['Flask', '计算机软件']","['加班补助', '定期体检', '五险一金', '免费班车', '年终奖', '带薪年假', '全勤奖']"
python开发工程师,本科,3-5年,安来诺,南京,雨花台区,安德门,"['Django', 'PostgreSQL', 'MySQL', 'Redis', 'Python', 'Flask']","['餐补', '节日福利', '零食下午茶', '交通补助', '年终奖', '带薪年假', '五险一金']"
Python全栈工程师,本科,5-10年,华易众欣,南京,秦淮区,洪家园,"['Django', '微服务架构', '架构师', '容器技术', 'SQL', '中级软件工程师', 'Visual Studio', 'MySQL']","['加班补助', '餐补', '员工旅游', '年终奖', '五险一金', '通讯补贴', '带薪年假', '节日福利']"
python讲师,本科,1-3年,铸己科技,南京,秦淮区,汉中路,"['C++', '爬虫经验', 'python', '教育', 'MySQL', '运维开发经验', '少儿编程', 'Selenium', 'Linux开发/部署经验', 'Python', 'Flask']","['住房补贴', '年终奖', '通讯补贴', '全勤奖', '交通补助']"
python应用开发工程师（大模型方向）,本科,经验不限,苏宁易购,南京,玄武区,仙鹤门,"['Python', 'PyTorch', 'TensorFlow', '其他']","['餐补', '通讯补贴', '加班补助', '带薪年假', '交通补助', '年终奖', '五险一金', '节日福利']"
Python开发实习生,硕士,,智慧用能低碳研究院,南京,江宁区,大学城,"['PyTorch', 'Docker', 'PostgreSQL', '机器学习经验', '接受无前端经验/技能', 'Redis', 'Linux开发/部署经验', 'Python', 'Flask']","['节日福利', '年终奖', '带薪年假', '交通补助', '五险一金', '餐补', '员工旅游', '定期体检', '加班补助', '团建聚餐', '生日福利']"
Python开发工程师,本科,3-5年,华泰证券,南京,雨花台区,铁心桥,"['Python工程师', '分布式技术', '多线程', '多进程', '大数据', '后端开发', '容器技术']","['员工旅游', '带薪年假', '节日福利', '定期体检', '通讯补贴', '零食下午茶', '补充医疗保险', '包吃', '年终奖', '五险一金', '免费健身房']"
python数据工程师,本科,,羽在石,南京,江宁区,麒麟镇,['Python'],"['五险一金', '补充医疗保险', '定期体检', '全勤奖', '股票期权']"
高级Python工程师,本科,3-5年,云思创智,南京,玄武区,徐庄软件园,"['python语言', 'django', 'Tornado']","['定期体检', '五险一金', '带薪年假', '股票期权', '加班补助', '节日福利']"
Python,本科,,宝一通,南京,鼓楼区,山西路,"['Java', 'C++', '接受实习/在校生投递', 'C', 'PyTorch', 'MySQL', '机器学习经验', '接受无前端经验/技能', 'Spark', 'Linux开发/部署经验', 'Python', 'TensorFlow']","['带薪年假', '定期体检', '员工旅游', '加班补助', '全勤奖', '年终奖', '节日福利', '五险一金', '零食下午茶']"
Python,本科,经验不限,智城慧宁,南京,秦淮区,光华路,"['GIT', 'Linux', 'MySQL', 'MongoDB', 'SQL Server', '软件工程师']",[]
Python 后端(AI方向）,本科,3-5年,莲偶科技,南京,雨花台区,安德门,"['搜索算法', '大模型算法', '自然语言处理算法', '算法工程化经验', '数据挖掘', 'Python']","['五险一金', '法定节假日三薪', '加班补助', '节假日加班费', '带薪年假']"
python工程师,本科,1-3年,扬州鑫利华网带厂,南京,江宁区,百家湖,"['Python', 'Django', 'Flask', 'Tornado', 'MySQL', 'Redis', 'MongoDB', '爬虫经验', '运维开发经验', '机器学习经验']",[]
Python,本科,1-3年,华为,南京,雨花台区,安德门,"['Python', '运维开发经验']","['补充医疗保险', '法定节假日三薪', '意外险', '保底工资', '带薪年假', '定期体检', '股票期权', '夜班补助', '免费班车', '企业年金', '节假日加班费', '交通补助', '节日福利', '绩效奖金', '团建聚餐', '年终奖', '五险一金', '零食下午茶', '加班补助', '员工旅游']"
python开发工程师,本科,1-3年,南自三厂,南京,浦口区,弘阳广场,"['Django', 'MySQL', '运维开发经验', 'Tornado', '架构设计经验', 'Python']","['餐补', '包吃', '宿舍有空调', '加班补助', '五险一金', '年终奖', '全勤奖', '高温补贴', '定期体检', '节假日加班费', '交通补助', '节日福利', '带薪年假', '团建聚餐', '股票期权', '工龄奖', '住房补贴', '包住', '免费工装', '生日福利']"
python开发,本科,3-5年,黑鲸物联,南京,雨花台区,安德门,"['Java', 'Django', 'MySQL', '运维开发经验', 'Redis', 'Tornado', 'MongoDB', 'Linux开发/部署经验', 'Python', 'Flask']","['五险一金', '节日福利', '带薪年假', '年终奖', '全勤奖']"
Python,本科,1-3年,南京丰禾,南京,江宁区,禄口机场,"['Golang', 'Java', 'Nginx', 'MySQL', 'Redis', 'Selenium', 'Python']","['宿舍有空调', '包吃', '包住', '团建聚餐', '免费工装']"
Python爬虫-南京,本科,3-5年,易安航空,南京,鼓楼区,凤凰西街,['js逆向'],"['生日福利', '全勤奖', '节日福利', '工龄奖', '夜班补助', '底薪加提成', '加班补助']"
python开发工程师,大专,3-5年,奇冠药店,南京,江宁区,百家湖,"['Pandas', 'MySQL', 'Python']","['节日福利', '加班补助', '年终奖', '五险一金', '餐补', '全勤奖', '免费班车', '交通补助', '员工旅游', '带薪年假', '定期体检']"
python开发工程师,本科,3-5年,北京八友科技,南京,,,"['Scrapy', '爬虫经验', 'Pandas', 'MySQL', 'Spark', 'Linux开发/部署经验', 'Python']","['员工旅游', '加班补助', '带薪年假', '加班费', '补充医疗保险', '保底工资', '意外险', '工龄奖', '法定节假日三薪', '年终奖', '股票期权', '定期体检', '节假日加班费', '餐补', '团建聚餐', '生日福利', '节日福利', '五险一金', '有无线网', '绩效奖金']"
后端开发（Java/python）,本科,3-5年,瑞友数字,南京,江宁区,科学园,"['Java', 'Python', 'SpringCloud', 'MySQL', 'PostgreSQL', '不接受居家办公']","['节日福利', '带薪年假', '五险一金']"
Ai应用赋能开发工程师python方向,本科,5-10年,南京迅彩信息科技,南京,栖霞区,龙潭,"['其他', 'Python', 'Flask']",[]
Python研发工程师,大专,1-3年,南京任轩,南京,雨花台区,安德门,"['Java', 'C++', 'C', 'Django', 'PostgreSQL', 'MySQL', 'Python']","['股票期权', '通讯补贴', '带薪年假', '年终奖', '定期体检', '节日福利', '交通补助', '五险一金', '零食下午茶', '餐补', '员工旅游', '全勤奖']"
python 应用开发工程师,本科,1-3年,智慧工程研究院,南京,江宁区,秣陵,"['Python', 'Docker', 'TensorFlow', 'MySQL']","['节日福利', '生日福利', '带薪年假', '五险一金', '员工旅游', '交通补助', '年终奖', '团建聚餐', '定期体检']"
中高级python开发工程师,本科,3-5年,数字看点,南京,,,"['Python', 'Docker', 'PyTorch', 'TensorFlow', 'MySQL', 'Oracle', '微服务经验', '云计算经验']","['定期体检', '带薪年假', '加班补助', '节日福利', '年终奖', '五险一金', '员工旅游', '股票期权']"
python高级开发工程师,本科,1-3年,绿思科技,南京,秦淮区,瑞金路,"['爬虫经验', 'PyTorch', 'MySQL', '架构设计经验', 'Linux开发/部署经验', 'Python']","['五险一金', '员工旅游', '年终奖', '通讯补贴', '节日福利', '带薪年假']"
python爬虫工程师,硕士,3-5年,中电变压器,南京,雨花台区,南京南站,"['Python', 'MySQL', 'MongoDB', 'PostgreSQL', '爬虫经验', '架构设计经验', 'Spring、MyBatis']","['五险一金', '住房补贴', '加班补助', '免费工装', '餐补', '团建聚餐', '免费班车', '交通补助', '通讯补贴', '节日福利', '带薪年假']"
python数据开发工程师,硕士,1-3年,江苏蕴蓝,南京,江宁区,大学城,"['Python', 'Django', 'Flask', 'Numpy', 'Pandas', 'MySQL', 'Redis', 'MongoDB', 'Hadoop', 'Linux开发/部署经验', '云计算经验', 'MySQL', 'MongoDB', 'Python', '数据分析', '数据挖掘']",[]
Python开发工程师,本科,1年以内,同袍信息科技,南京,雨花台区,铁心桥,"['消息队列', '多进程', 'Linux', 'Windows', '分布式技术', 'Redis', 'MongoDB', 'Scrapy']",[]
Python,本科,1-3年,阅点点,南京,鼓楼区,湖南路,"['Java', '爬虫经验', 'MySQL', 'Reactor', 'Python']","['五险一金', '定期活动', '全勤奖', '年终奖', '带薪年假', '员工旅游', '定期体检', '员工优惠', '节日福利']"
python高级开发工程师,本科,3-5年,深圳自来,南京,建邺区,江东,"['Java', 'Scrapy', '爬虫经验', 'Elasticsearch', 'Django', 'MySQL', '机器学习经验', 'Redis', 'MongoDB', 'Python']","['绩效奖金', '年终奖', '底薪加提成', '五险一金', '保底工资', '股票期权']"
python开发工程师（自研）,本科,3-5年,南京品德网络信息技术,南京,雨花台区,软件大道,"['Python', 'Scrapy', 'Selenium', 'MySQL', '爬虫经验']","['节日福利', '工龄奖', '双休', '绩效奖金', '全勤奖', '年终奖', '五险一金', '带薪年假']"
python高级开发工程师,本科,1-3年,应龙,南京,雨花台区,南京南站,"['Python', 'Scrapy', 'Numpy', 'Pandas', 'MySQL', 'PostgreSQL', '运维开发经验', '云计算经验']","['交通补助', '绩效奖金', '加班补助', '法定节假日三薪', '零食下午茶', '全勤奖', '团建聚餐', '节假日加班费', '生日福利', '五险一金', '夜班补助', '工龄奖', '保底工资', '带薪年假', '年终奖', '节日福利', '定期体检']"
python开发,本科,3-5年,某大型计算机软件公司,南京,,,"['Python', '运营商']","['法定节假日三薪', '生日福利', '有无线网', '节日福利', '团建聚餐', '交通补助', '意外险']"
高级python开发工程师,硕士,5-10年,microvideo,南京,栖霞区,马群,"['PyTorch', 'Docker', 'MySQL', 'Redis', '大模型', '架构设计经验', '数字人', 'Linux开发/部署经验', 'Python', 'Flask']","['交通补助', '员工旅游', '补充医疗保险', '股票期权', '定期体检', '视频分享奖励', '五险一金', '年终奖', '加班补助', '周末双休', '创新金点子', '带薪年假', '车辆补贴', '节日福利', '通讯补贴']"
python中级工程师,本科,3-5年,宇盾信息,南京,浦口区,顶山,"['爬虫经验', 'fastapi', 'Python']","['带薪年假', '节日福利', '年终奖', '加班补助']"
Python开发工程师,本科,1-3年,华为,南京,雨花台区,安德门,"['Python', 'Django', 'Oracle', 'HBase', '分布式经验', 'Linux开发/部署经验', '985、211、双一流']","['股票期权', '员工旅游', '法定节假日三薪', '加班补助', '团建聚餐', '零食下午茶', '节假日加班费', '定期体检', '补充医疗保险', '保底工资', '节日福利', '带薪年假', '企业年金', '免费班车', '五险一金', '绩效奖金', '意外险', '夜班补助', '交通补助', '年终奖']"
python开发工程师,本科,经验不限,汇智互娱,南京,雨花台区,铁心桥,"['Golang', '机器学习经验', 'K8S', 'AI', '有前端经验/技能', 'Docker', 'MySQL', '人工智能', '云计算经验', 'AIGC', 'Python', 'Kubernetes', 'TensorFlow']","['定期体检', '节日福利', '通讯补贴', '零食下午茶', '餐补', '员工旅游', '交通补助', '年终奖', '带薪年假']"
Python工程师,本科,1-3年,迎嘉科技,南京,鼓楼区,南大,"['数据开发', '爬虫', 'Python', '计算机相关专业', '爬虫经验']","['定期体检', '加班补助', '年终奖', '通讯补贴', '全勤奖', '五险一金', '节日福利', '交通补助', '带薪年假', '员工旅游', '餐补']"
高级python开发工程师,本科,经验不限,南京阿尔特科技,南京,建邺区,建邺万达,"['Golang', '爬虫经验', '微服务经验', 'Django', 'MySQL', 'Redis', 'MongoDB', 'Linux开发/部署经验', 'Python']","['餐补', '生日福利', '五险一金', '绩效奖金', '全勤奖', '年终奖', '股票期权', '零食下午茶']"
Python图像开发工程师,本科,经验不限,畅淼,南京,江宁区,将军大道,"['YOLO', 'Python']","['团建聚餐', '员工旅游', '股票期权', '带薪年假', '交通补助', '年终奖', '员工活动中心', '五险一金', '餐补', '节日福利', '定期体检']"
Python工程师,本科,1-3年,帝岩,南京,建邺区,奥体,"['数据开发', '爬虫', 'Python']",[]
Python开发工程师-谱图数据分析,本科,3-5年,南京霍普斯,南京,浦口区,泰山,"['sqlite', 'Pandas', 'MySQL', 'Numpy', 'Python']","['年终奖', '交通补助', '五险一金', '带薪年假', '通讯补贴', '定期体检', '员工旅游', '住房补贴', '餐补', '节日福利', '高温补贴']"
python开发工程师,本科,3-5年,钛科圈,南京,江宁区,秣陵,"['网络编程', 'Python', 'IoT']","['交通补助', '定期体检', '年终奖', '通讯补贴', '五险一金', '员工生日会', '节日福利', '带薪年假']"
Python后端工程师（数据监控平台）,本科,1-3年,南京千能智能科技,南京,,,"['Java', '服务器配置', '架构师', 'Django', 'Framework', '云计算', '管理系统']","['免费班车', '餐补', '员工旅游', '加班补助', '全勤奖']"
python开发,本科,3-5年,睿服科技,南京,雨花台区,铁心桥,"['Elasticsearch', 'MySQL', 'Redis', 'Python']","['定期体检', '五险一金', '带薪年假', '年终奖', '节日福利']"
Python开发,本科,3-5年,锦云智开,南京,雨花台区,铁心桥,"['Python', 'Django', 'Flask', 'Tornado', 'Kafka', 'MySQL', 'PostgreSQL', 'MongoDB', 'Redis', 'Linux开发/部署经验', '爬虫经验']","['员工旅游', '年终奖', '节日福利', '定期体检', '带薪年假', '五险一金', '零食下午茶', '加班补助', '餐补']"
Python开发工程师,本科,1-3年,新动态,南京,玄武区,徐庄软件园,"['Python', 'Linux', 'MySQL', 'Redis', 'Django', 'Flask', 'Tornado']","['年终奖', '股票期权', '员工旅游', '节日福利', '五险一金', '带薪年假', '餐补', '零食下午茶', '定期体检']"
Python开发(需懂C++),本科,3-5年,南京来可,南京,江宁区,科学园,"['Python', 'C++', '有大模型AI开发经验']","['生日福利', '节日福利', '五险一金', '团建聚餐', '年终奖', '员工旅游', '带薪年假', '全勤奖', '绩效奖金', '零食下午茶', '定期体检', '通讯补贴']"
python全栈开发工程师,大专,3-5年,江苏宁源智能科技,南京,雨花台区,铁心桥,"['团队管理经验', 'Django', 'MySQL', '运维开发经验', 'Redis', 'Tornado', '架构设计经验', 'Linux开发/部署经验', 'Numpy', 'Python', 'Flask']",[]
Python编程老师,本科,经验不限,蜘蛛侠,南京,鼓楼区,南大,"['少儿编程', 'python', '小学']","['员工旅游', '带薪年假', '交通补助', '五险一金', '加班补助', '团建聚餐', '全勤奖', '年终奖', '补充医疗保险', '餐补']"
python工程师,本科,3-5年,创数,南京,雨花台区,宁南,"['Oracle', 'Flask', 'PYSide2', 'PYQT']",[]
Python,本科,3-5年,某500强上市公司,南京,,,"['后端', '数据开发', 'Python', 'Django', '计算机相关专业']","['企业年金', '法定节假日三薪', '五险一金', '团建聚餐', '零食下午茶', '节假日加班费', '意外险', '绩效奖金', '带薪年假', '交通补助', '节日福利', '员工旅游', '加班补助', '保底工资', '股票期权', '定期体检', '免费班车', '夜班补助', '年终奖', '补充医疗保险']"
python开发工程师,本科,1-3年,家康众智,南京,江宁区,南京南站,"['机器学习/算法工程', '后端', 'Python', '计算机相关专业', '机器学习工程经验']","['五险一金', '股票期权', '零食下午茶', '年终奖', '员工旅游', '带薪年假']"
python开发工程师,本科,3-5年,中电汇通,南京,鼓楼区,山西路,"['Python', 'MySQL', '爬虫经验', '机器学习经验']","['绩效奖金', '定期体检', '带薪年假', '生日福利', '五险一金', '员工旅游', '团建聚餐', '节日福利']"
Python,本科,1-3年,天信通,南京,,,"['后端', '爬虫', 'Python', 'MySQL', 'MongoDB', '计算机相关专业']","['带薪年假', '有无线网', '夜班补助', '餐补', '五险一金', '节日福利']"
python开发工程师,本科,3-5年,上海万得基金,南京,建邺区,江东,"['Python', 'Scrapy', 'MySQL', 'Oracle']","['五险一金', '定期体检', '补充医疗保险', '绩效奖金', '带薪年假', '有无线网', '生日福利', '底薪加提成', '万得终端', '保底工资']"
python开发工程师,本科,3-5年,东揽,南京,江宁区,百家湖,"['python', 'Linux', '服务端开发经验', '全栈开发经验', '软件工程师', '计算机相关专业', '后端', '运维开发', 'Python', 'Flask', 'SQL', '图形图像处理']","['股票期权', '节日福利', '带薪年假', '五险一金', '员工旅游', '年终奖', '交通补助', '零食下午茶']"
Python,本科,5-10年,南京农行者数字,南京,雨花台区,铁心桥,"['NoSQL', 'Linux', 'Django', 'MySQL', '微服务架构', 'Redis', '后端', '计算机相关专业', 'Python', 'Flask']","['五险一金', '定期体检', '年终奖', '股票期权']"
python开发工程师,本科,1-3年,南京伊凡,南京,建邺区,奥体,"['Python', 'PyTorch', '计算机相关专业', '机器学习工程经验']",[]
Python,本科,1年以内,东方价值线,南京,浦口区,沿江,"['Python', '数据挖掘', '机器学习']",[]
python数据工程师,本科,1-3年,复保科技,南京,江宁区,南京南站,"['Python', 'Numpy', 'Pandas', 'MySQL', 're', 'matplotlib']","['五险一金', '绩效奖金', '底薪加提成', '定期体检', '年终奖']"
python自动化,本科,1-3年,伊克罗德,南京,雨花台区,安德门,"['团队管理经验', 'Pandas', 'MySQL', 'Hadoop', '云计算经验', 'Python']","['五险一金', '带薪年假', '零食下午茶']"
高级python开发工程师,本科,3-5年,溪水网络科技有限公司,南京,建邺区,奥体,"['Python', 'Oracle']","['五险一金', '带薪年假', '节日福利', '零食下午茶']"
Python开发工程师 (MJ000124),本科,5-10年,保旺达软件,南京,建邺区,江东,"['Django', 'MySQL', 'Oracle', 'Linux开发/部署经验', 'Python', 'Flask']","['节日福利', '五险一金', '团建聚餐', '定期培训', '带薪年假', '定期体检', '生日福利', '婚育礼金', '绩效奖励', '员工旅游']"
Python,本科,经验不限,干支网络,南京,秦淮区,淮海路,"['Python', '后端开发', 'Java']",['五险一金']
后端开发工程师（java\python),本科,3-5年,瞬联科技,南京,江宁区,科学园,"['Java', 'PostgreSQL', 'SpringCloud', 'MySQL', 'Python']","['意外险', '补充医疗保险', '带薪年假', '定期体检', '节日福利', '零食下午茶', '五险一金']"
python高级开发工程师,大专,3-5年,迈煜创信息科技,南京,浦口区,沿江,"['PyTorch', 'MySQL', 'Python']",[]
python开发工程师,本科,1-3年,上扬软件,南京,江宁区,开发区,"['PyTorch', 'MySQL', 'Oracle', '文件解析', '数据处理', 'Python']","['生日福利', '补充医疗保险', '团建旅游', '通讯补贴', '年终奖', '餐补', '五险一金', '带薪病假', '带薪年假']"
Python大模型应用服务开发工程师 Python,硕士,3-5年,南京易桥,南京,鼓楼区,万达广场,"['vllm', 'postgresql', 'MySQL', 'transformer', 'ollama', 'Linux开发/部署经验', 'Python', 'docker']",['五险一金']
Python开发工程师,本科,3-5年,新大陆软件,南京,建邺区,奥体,"['机器学习经验', 'Python']","['年终奖', '定期体检', '五险一金', '带薪年假', '通讯补贴', '免费班车', '员工旅游']"
python高级开发工程师,大专,3-5年,南京育权智能科技,南京,玄武区,徐庄软件园,"['Nginx', '团队管理经验', 'MySQL', 'Python']",[]
Python开发工程师,大专,1-3年,大物移云,南京,秦淮区,月牙湖,"['Python', '后端开发', 'MySQL', 'Oracle', 'Tornado', 'GIT']",[]
Python讲师,本科,经验不限,乐博乐博机器人,南京,鼓楼区,龙江,['Python'],"['年终奖', '住宿', '五险一金', '员工旅游', '节日福利', '股票期权', '带薪年假']"
Python后端开发工程师,本科,3-5年,苗米科技,南京,,,"['数据结构', '容器技术', 'MySQL', 'Flask', '软件工程师', 'Python']","['年终奖', '加班补助', '带薪年假', '节日福利', '五险一金', '零食下午茶', '股票期权']"
python后台开发实习生,硕士,,同方威视,南京,建邺区,中胜,"['后端', '爬虫', 'Python', 'Django', 'MySQL', '计算机相关专业']",[]
Python工程师,本科,1-3年,南京佳泰得投资管理,南京,雨花台区,铁心桥,"['Python', '数据挖掘', '网络爬虫']",[]
高级Python开发工程师,本科,3-5年,新智云,南京,江宁区,岔路口,"['Flask', 'pytorch', 'gpu虚拟化', 'k8s']","['带薪年假', '加班补助', '五险一金', '节日福利', '餐补', '定期体检', '年终奖', '交通补助', '通讯补贴', '补充医疗保险']"
python高级开发工程师,本科,5-10年,苏胜天,南京,雨花台区,安德门,"['Java', 'Docker', 'Redis', '机器学习经验', '大模型', 'Prompt', '提示词']","['带薪年假', '零食下午茶', '团建聚餐', '节日福利', '定期体检', '年终奖', '加班补助', '夜班补助', '奖金', '五险一金']"
Python,硕士,经验不限,南京骁宸能源科技,南京,江宁区,开发区,"['Python', 'Django', 'Flask', 'MySQL', 'Oracle', '团队管理经验']","['节日福利', '五险一金', '带薪年假', '生日福利']"
Python,本科,3-5年,高云科技,南京,秦淮区,新街口,"['Java', '分布式技术', '微服务架构', 'MySQL', 'Redis', 'Linux', 'Django', 'Flask']","['五险一金', '年终奖', '股票期权', '员工旅游']"
python高级开发工程师,本科,3-5年,南京拂晓信息技术,南京,,,"['后端', '机器学习/算法工程', 'Python']","['年终奖', '五险一金']"
Python工程师,本科,1-3年,北京趋享智能科技...,南京,秦淮区,夫子庙,"['Python', '数据分析', '人工智能', 'Python算法工程师', 'Python工程师', '数据挖掘']","['股票期权', '员工旅游', '包吃', '带薪年假', '餐补', '年终奖', '交通补助', '五险一金']"
python高级开发工程师,硕士,1-3年,小嘟漫道,南京,建邺区,江东,"['机器学习/算法工程', 'Python', '计算机相关专业', '机器学习工程经验']","['五险一金', '年终奖', '保底工资', '底薪加提成', '工龄奖']"
Python开发工程师（AIoT/音视频方向）,本科,经验不限,博流智能,南京,浦口区,江浦,"['Python', '工具']","['节日福利', '年终奖', '股票期权']"
线上青少儿Python兼职授课老师,本科,1-3年,南京三宝教育,南京,栖霞区,新港开发区,"['Python', '在线授课', '编程老师', '少儿编程', 'scratch']","['五险一金', '住房补贴', '提供宿舍', '员工旅游', '股票期权', '加班补助', '交通补助', '餐补']"
python开发工程师（AI应用）,本科,3-5年,道通科技,南京,雨花台区,宁南,"['Python', 'Docker', 'Redis']","['带薪年假', '住房补贴', '股票期权', '包吃', '交通补助', '餐补', '全勤奖', '多元化激励', '节日福利', '通讯补贴', '零食下午茶', '年终奖', '员工旅游', '高温补贴']"
python工程师,本科,3-5年,江苏铂亿,南京,江宁区,开发区,"['Python', '人工智能', '大数据开发']",[]
软件测试工程师(Python),本科,1-3年,宁橡新能源汽车电子,南京,江宁区,南京南站,"['Python', '汽车电子']","['通讯补贴', '零食下午茶', '五险一金', '员工旅游', '生日福利', '加班补助', '定期体检', '交通补助', '年终奖', '带薪年假', '餐补', '工龄奖', '节日福利', '股票期权', '节假日加班费']"
python工程师,本科,3-5年,图德,南京,江宁区,岔路口,"['后端', '数据开发', '机器学习/算法工程', 'Python', 'Shell', '计算机相关专业', '数学/统计相关专业', '机器学习工程经验']","['节日福利', '加班补助', '带薪年假', '餐补', '员工旅游', '年终奖', '股票期权', '定期体检', '零食下午茶', '绩效奖金', '团建聚餐', '五险一金']"
中级python开发工程师,本科,5-10年,Xptah,南京,江宁区,东善桥,"['C', 'MySQL', 'Tornado', 'Python']",[]
华为云-Python工程师（非OD）,本科,3-5年,华为,南京,雨花台区,南京南站,['Python'],"['法定节假日三薪', '加班补助', '股票期权', '意外险', '带薪年假', '免费班车', '企业年金', '交通补助', '定期体检', '绩效奖金', '节日福利', '员工旅游', '年终奖', '补充医疗保险', '夜班补助', '零食下午茶', '节假日加班费', '团建聚餐', '保底工资', '五险一金']"
Python开发工程师,本科,3-5年,唐恩,南京,栖霞区,仙林大学城,"['Java', 'SQL', '数据结构', '容器技术', 'Linux', 'Django', 'Tornado', 'GIT']","['五险一金', '定期体检', '加班补助', '带薪年假', '节日福利', '住房补贴', '零食下午茶', '年终奖']"
Python讲师,大专,1-3年,江苏万和,南京,鼓楼区,湖南路,"['网络爬虫技术', 'Django', 'Scrapy', 'GIT', '高级软件工程师', '微服务架构']","['定期体检', '带薪年假', '年终奖', '交通补助', '员工旅游', '五险一金', '餐补', '节日福利']"
Python工程师,本科,1-3年,龙影互娱,南京,建邺区,奥体,"['MySQL', 'Django', 'GIT', '网络编程', '算法基础']","['五险一金', '定期体检', '年终奖', '带薪年假']"
Python AI应用开发工程师,本科,1年以内,悦道网络科技,南京,雨花台区,安德门,"['Python', 'Flask', 'Nginx', 'Docker', 'PostgreSQL', 'MySQL', 'Redis', 'Linux开发/部署经验']","['五险一金', '零食下午茶', '年终奖', '包吃', '节日福利', '生日福利', '带薪年假', '定期体检', '团建聚餐']"
python工程师,本科,经验不限,南京诺飞尔信息科技,南京,秦淮区,大光路,"['初级算法工程师', 'Python']","['生日福利', '节日福利', '绩效奖金', '五险一金']"
JAVA/JS/Python/C/C++/Android/测试/数据,本科,经验不限,华为技术武研所,南京,雨花台区,安德门,"['Java', 'C', 'C++', 'Spring', 'SpringCloud', 'MyBatis', 'MySQL', 'Redis', 'Oracle']","['节日福利', '定期体检', '五险一金', '团建聚餐', '加班补助', '绩效奖金', '保底工资', '年终奖', '带薪年假', '员工旅游']"
Java和Python开发工程师,本科,3-5年,宇博信诚,南京,建邺区,江东,"['Java', 'Python', 'Spring', 'Oracle']","['年终奖', '定期体检', '五险一金', '节日福利', '全勤奖', '员工旅游', '带薪年假']"
高级python开发工程师,硕士,1-3年,德万信安,南京,鼓楼区,山西路,"['Python', 'Java', 'Django', 'Docker', 'MySQL']",[]
Python开发工程师,本科,3-5年,HyperAI,南京,鼓楼区,华侨路,"['Linux', '机器学习/算法工程', 'PostgreSQL', '分布式技术', '多线程', '微服务架构', '软件工程师', '计算机相关专业', '后端', '容器技术', 'Python', 'Flask']",[]
python开发工程师,本科,3-5年,合肥阳光零碳技术,南京,,,"['Python', 'MySQL', '爬虫经验', '机器学习经验']",[]
后端开发工程师（Java or Python）,本科,3-5年,某知名企业,南京,,,"['Java', 'Python', 'SpringCloud', 'MySQL']","['五险一金', '节日福利', '定期体检', '全勤奖', '带薪年假', '年终奖', '免费班车', '包吃', '补充医疗保险']"
后端开发工程师Java python方向,本科,5-10年,沃得生涯,南京,鼓楼区,龙江,"['Python', 'Django', 'Scrapy', 'MySQL', 'Redis']","['五险一金', '带薪年假', '员工旅游', '餐补', '通讯补贴', '交通补助']"
软件开发工程师（JAVA/Python/C++）,本科,1-3年,华为技术有限公司,南京,雨花台区,南京南站,"['Java', 'Python', '分布式技术', '服务器配置', '微服务架构', 'Linux', 'Spring', 'MVC开发']","['节假日加班费', '法定节假日三薪', '定期体检', '节日福利', '绩效奖金', '五险一金', '员工旅游', '保底工资', '零食下午茶', '免费班车', '生日福利', '带薪年假', '年终奖', '团建聚餐', '股票期权', '加班补助', '交通补助', '补充医疗保险', '夜班补助', '离职补偿']"
大数据开发(运维_Java_Python_C++_Sql_JS),本科,1-3年,华为,南京,雨花台区,小行,"['Java', '计算机软件', '大数据', '云计算', '分布式技术', 'JavaScript', 'SQL', 'HTML', 'CSS', 'Scala', 'Spring', 'JQuery']","['交通补助', '股票期权', '节假日加班费', '零食下午茶', '团建聚餐', '节日福利', '补充医疗保险', '法定节假日三薪', '免费班车', '定期体检', '加班补助', '意外险', '夜班补助', '企业年金', '绩效奖金', '五险一金', '员工旅游', '保底工资', '带薪年假', '年终奖']"
python开发工程师,大专,3-5年,上海思芮,南京,雨花台区,安德门,"['Django', 'MySQL', 'Python']","['补充医疗保险', '五险一金']"
python开发(算法）-国睿,大专,3-5年,雀翼科技,南京,江宁区,百家湖,"['Python', 'Django', 'Numpy', 'PyTorch', 'MySQL']","['五险一金', '加班补助', '带薪年假', '餐补', '节日福利', '零食下午茶']"
python开发工程师,本科,1-3年,优泰科技,南京,建邺区,江东,"['爬虫经验', 'Pandas', 'MySQL', 'MongoDB', 'Numpy', 'Python']","['双休', '员工旅游', '年终奖', '带薪年假', '餐补', '五险一金', '节日福利', '零食下午茶', '交通补助']"
Python-统招本科-wb6wwa,大专,3-5年,版石控股集团有限公司,南京,江宁区,麒麟镇,"['fastapi', 'Django', 'MySQL', 'Redis', 'MongoDB', 'Python', 'Flask', 'Kubernetes']","['全勤奖', '保底工资', '年终奖', '有无线网', '生日福利', '意外险', '节日福利', '工龄奖', '底薪加提成', '五险一金', '团建聚餐', '带薪年假', '免费班车', '交通补助', '绩效奖金']"
python安全开发工程师,大专,经验不限,绿和,南京,雨花台区,安德门,"['Django', 'MySQL', '渗透测试', 'Python', 'Flask']","['定期体检', '团建聚餐', '五险一金', '加班补助', '年终奖', '生日福利', '节日福利', '带薪年假', '零食下午茶']"
央企正编-Python工程师,本科,1-3年,北京某大型互联网金融上市公司,南京,,,"['Python', 'Numpy', 'Pandas', 'Flask', 'Django', 'MySQL', 'Oracle', 'HBase', 'Linux开发/部署经验']","['有无线网', '员工旅游', '节日福利', '团建聚餐', '年终奖', '零食下午茶', '通讯补贴', '带薪年假', '补充医疗保险', '保底工资', '生日福利', '意外险', '绩效奖金', '交通补助', '全勤奖', '底薪加提成']"
高薪诚聘Python开发非外派双休电话面试,本科,3-5年,软通动力,南京,江宁区,东山,"['爬虫经验', 'PyTorch', 'Pandas', 'Hadoop', 'Spark', '量化交易开发经验', 'Python', 'Flask', 'TensorFlow']","['带薪年假', '节日福利', '通讯补贴', '交通补助', '生日福利', '免费班车', '零食下午茶', '五险一金', '加班补助', '定期体检', '团建活动', '补充医疗保险']"
软件测试工程师（自动化，python）,本科,经验不限,华为,南京,雨花台区,安德门,"['Golang', 'Java', 'Django', 'MySQL', '运维开发经验', 'Redis', 'Tornado', '架构设计经验', 'Oracle', 'Linux开发/部署经验', 'Python', 'Flask']","['绩效奖金', '股票期权', '团建聚餐', '加班补助', '员工旅游', '保底工资', '带薪年假', '法定节假日三薪', '节日福利', '定期体检', '年终奖', '零食下午茶', '节假日加班费', '意外险', '五险一金', '夜班补助', '免费班车', '补充医疗保险', '企业年金', '交通补助']"
Java/Python/C++/C/Go开发、测试、运维,本科,经验不限,华为技术有限公司,南京,雨花台区,安德门,"['Java', 'C++', 'Python', 'Spring', 'MyBatis', 'JVM', 'MySQL', 'Hive', 'SQL Server', '不接受居家办公', '架构设计经验', '云计算经验', '物联网经验']","['团建聚餐', '离职补偿', '带薪年假', '免费班车', '法定节假日三薪', '五险一金', '股票期权', '补充医疗保险', '定期体检', '加班补助', '夜班补助', '节假日加班费', '零食下午茶', '保底工资', '交通补助', '员工旅游', '绩效奖金', '节日福利', '年终奖', '生日福利']"
python开发,本科,3-5年,华通科技,南京,雨花台区,安德门,"['爬虫经验', 'Docker', 'Django', 'MySQL', '运维开发经验', '云计算经验', 'Linux开发/部署经验', 'Python']","['五险一金', '交通补助', '带薪年假', '餐补', '免费班车', '节日福利']"
python工程师(线上、远程兼职),大专,经验不限,带新娱乐,南京,栖霞区,仙林大学城,"['Python', 'Django', 'Scrapy', 'Pandas', 'MySQL', 'Spark', 'Hive']","['底薪加提成', '全勤奖', '五险一金', '保底工资', '定期体检', '团建聚餐', '绩效奖金', '员工旅游', '带薪年假', '有无线网', '节日福利', '年终奖', '零食下午茶']"
python算法开发技术员,本科,,南京腾思网络科技,南京,浦口区,江浦,"['Python', 'PyTorch', 'TensorFlow', 'MySQL', '机器学习经验']","['底薪加提成', '节日福利', '有无线网', '零食下午茶', '五险一金', '定期体检', '餐补', '绩效奖金', '高温补贴']"
Python开发工程师 实习生,本科,,边缘智能研究院,南京,,,"['网络爬虫技术', 'Django', 'Flask', 'Scrapy', 'Pyspider']","['加班补助', '定期体检', '带薪年假', '节日福利', '包吃', '五险一金']"
Python开发3-5年南京现场面试,大专,3-5年,南京博锐星润软件,南京,鼓楼区,山西路,"['Python', 'Scrapy', '分布式经验', 'scapy框架']",[]
C/C++/java/python/web/算法/测试,本科,经验不限,西安华为技术有限公司,南京,雨花台区,安德门,"['Java', 'C++', 'C', 'Scrapy', 'Tornado', 'Flask', 'MySQL', 'Redis', 'Oracle']","['团建聚餐', '五险一金', '加班补助', '定期体检', '零食下午茶', '包吃', '全勤奖', '年终奖', '餐补', '绩效奖金', '交通补助']"
python后端工程师,本科,在校/应届,南京玻尔兹曼信息科技,南京,浦口区,江浦,"['Scrapy', '爬虫经验', 'PyTorch', '机器学习经验', 'Redis', '架构设计经验', 'Python', 'Flask', 'HBase']","['夜班补助', '年终奖', '加班补助', '五险一金', '绩效奖金', '股票期权']"
Python,本科,经验不限,华为终端有限公司,南京,雨花台区,安德门,"['Python', 'Django', 'MySQL', 'Redis', 'Oracle', '分布式经验', '微服务经验']","['五险一金', '节日福利', '加班补助', '通讯补贴', '带薪年假', '交通补助', '年终奖', '免费班车', '意外险', '零食下午茶', '定期体检', '生日福利', '股票期权', '住房补贴', '补充医疗保险', '节假日加班费']"
Python,本科,3-5年,深圳微蚂蚁,南京,浦口区,泰山,"['深度学习', '大模型算法', '模型加速/性能优化', 'Python']","['团建聚餐', '交通补助', '零食下午茶', '生日福利', '餐补', '节日福利', '五险一金']"
Python（13薪+全额公积金+双休）,大专,3-5年,中软国际科技,南京,雨花台区,铁心桥,"['C++', '爬虫经验', 'PyTorch', 'MySQL', 'python开发', 'Python']","['五险一金', '定期体检', '加班补助']"
